create table AUD_AUDITORIA (
	tabla                           varchar2(30 byte)                      not null  ,
    codigo                          varchar2(50 byte)                      not null   ,
	movimiento                      number(10,0)                      not null  ,        
	audit_Usuario                    varchar2(25 byte)                          null  ,
	audit_fecha                     datetime                             null  ,
	audit_Tipo                       varchar2(10 byte)                          null  ,
	valor_Original                   CLOB                                 null  ,
	valor_Final                      CLOB                                 null  	
)
create table AUD_ERROR (
	anio                number(10,0) not null,
	mes                 number(10,0) not null,
	dia                 number(10,0) not null,
	movimiento          number(10,0) not null,
	class_Name           varchar2(250 byte) null,	
	function_Name        varchar2(100 byte) null,
	message             varchar2(250 byte) null,
	cause               varchar2(250 byte) null,
	line_Number          number(10,0) null,	
	detail              CLOB null,			
	audit_Usuario        varchar2(25 byte) null  ,
	audit_fecha          datetime    null  	
)


create table GEN_BOTON (
	boton_Id                         number(10,0)                              not null  ,
	nombre                          varchar2(150 byte)                     not null  ,
	icon                            varchar2(30 byte)                          null  ,
	action                          varchar2(100 byte)                         null  ,
	activo                          number(1,0)                        not null  ,
	audit_Usuario_Creacion            varchar2(25 byte)                      not null  ,
	audit_Usuario_Modifica            varchar2(25 byte)                      null,
	audit_fecha_Creacion              TIMESTAMP(6)                      not null  ,
	audit_fecha_Modifica              TIMESTAMP(6)                      null  
)


create table GEN_CONFIG (
    config_Id                        varchar2(25 byte)                      not null  ,
	concepto                        varchar2(100 byte)                     not null  ,
	system_Id                        number(10,0)                              not null  ,
	system_Version                   varchar2(20 byte)                      not null  ,
	system_Date                      date                             not null  ,
	system_Date_Created               date                             not null  ,
	repository                      varchar2(200 byte)                     null  ,
	type_Document                    varchar2(100 byte)                     not null  ,
	type_Image                       varchar2(100 byte)                     not null  ,
	size_Document                    number(10,0)                              not null  ,
	size_Image                       number(10,0)                              not null  ,
	web_Service_Security              varchar2(200)                          null  ,
	web_Service_Pide                  varchar2(200)                         null  ,
	type_Document_Label               varchar2(150 byte)                         null  ,
	type_Image_Label                  varchar2(150 byte)                         null  ,
	ldap_Url                         varchar2(150 byte)                         null  ,
	ldap_Domain                      varchar2(80 byte)                          null  ,
	smtp_host                        varchar2(16 byte)                          null  ,
	activo                          number(1,0)                             DEFAULT  1 not null  ,
	limit_Document                   number(10,0)                                  null  ,
	limit_Image                      number(10,0)                                  null  ,
	limit_Row                        number(10,0)                                  null  ,
	secret_Key                       varchar2(100 byte)                          null  ,
	secret_KeySpec                   varchar2(50 byte)                          null  ,
	logo_Path                        varchar2(150 byte)                         null  ,
	logo_Path_Relative              number(1,0)                             DEFAULT  0  not null  ,
	url_Sistema_Remoto                varchar2(100 byte)                         null  ,
	analytics                       varchar2(20 byte)                          null  , 
        flag_Reporte_Relative             number(1,0) default 0   not null  
)




create table GEN_MENU (
	menu_Id                          number(10,0)                              not null  ,
	nombre                          varchar2(150 byte)                     not null  ,
	tipo                            varchar2(1 byte)                           null  ,
	menu_Padre                       number(10,0)                                  null  ,
	url                             varchar2(100 byte)                         null  ,
	command                         varchar2(100 byte)                         null  ,
	icon                            varchar2(50 byte)                          null  ,
	ajax                            number(1,0)                              not null  ,
	updated                         varchar2(50 byte)                          null  ,
	nivel                           number(10,0)                              not null  ,
	orden                           number(10,0)                                  null  ,
	activo                          number(1,0)                              not null  ,
	audit_Usuario_Creacion            varchar2(25 byte)                      not null  ,
	audit_Usuario_Modifica            varchar2(25 byte)                      null,
	audit_fecha_Creacion              TIMESTAMP(6)                      not null  ,
	audit_fecha_Modifica              TIMESTAMP(6)                      null  
)



create table GEN_PERFIL (
	perfil_Id                        number(10,0)                              not null  ,
	nombre                          varchar2(50 byte)                      not null  ,
	activo                          number(1,0)                              not null  ,
	perfil_Padre                     number(10,0)                                  null  ,
	flag_Only_Node                    number(1,0)                              not null  ,
	orden                           number(10,0)                              not null  ,
	audit_Usuario_Creacion            varchar2(25 byte)                      not null  ,
	audit_Usuario_Modifica            varchar2(25 byte)                      null,
	audit_fecha_Creacion              TIMESTAMP(6)                      not null  ,
	audit_fecha_Modifica              TIMESTAMP(6)                      null  
)


create table GEN_PERFIL_MENU (
	perfil_Id                        number(10,0)                              not null  ,
	menu_Id                          number(10,0)                              not null  ,
	audit_Usuario_Creacion            varchar2(25 byte)                      not null  ,
	audit_Usuario_Modifica            varchar2(25 byte)                      null,
	audit_fecha_Creacion              TIMESTAMP(6)                      not null  ,
	audit_fecha_Modifica              TIMESTAMP(6)                      null     
)



create table GEN_USUARIO (
	login                           varchar2(25 byte)                      not null  ,
	clave                           varchar2(60 byte)                      not null  ,
	nombre_Completo                  varchar2(80 byte)                          null  ,
	email                           varchar2(150 byte)                         null  ,
	dni                             varchar2(8 byte)                           null  ,
	foto                            varchar2(30 byte)                          null  ,
	perfil_Id                        number(10,0)                                  null  ,
	activo                          number(1,0)                              not null  ,
	flag_LDAP                        number(1,0)                              not null  ,
	interno                         number(1,0)                              not null  ,
	fecha_Inicio                     DATE                             null  ,
	fecha_Fin                        DATE                             null  ,
	audit_Usuario_Creacion            varchar2(25 byte)                      not null  ,
	audit_Usuario_Modifica            varchar2(25 byte)                      null,
	audit_fecha_Creacion              TIMESTAMP(6)                      not null  ,
	audit_fecha_Modifica              TIMESTAMP(6)                      null  
)

create table GEN_FILE_CONTROL (
	fileControl_Id                   number(10,0)                              not null  primary key,
	nombre                          varchar2(80 byte)                      not null  ,
	tipo                            varchar2(150 byte)                         null  ,
	etiqueta                        varchar2(150 byte)                         null  ,
	directorio                      varchar2(150 byte)                         null  ,
	tamano                          number(10,0)                                  null  ,
	cantidad                        number(10,0)                                  null   
)

create table GEN_MASTER_METADATA (
	metadata_Id                      number(10,0) not null  primary key,
	tabla                           varchar2(30 BYTE) not null  ,
	alias_Tabla                     varchar2(80 BYTE) not null  ,
	columnaPK                       varchar2(60 BYTE) not null  ,
	maxima_Longitud_Nombre            number(10,0) null  ,
	flag_Nombre_Masculino             number(1,0)DEFAULT  1 not null  ,
	etiqueta_Plural                  varchar2(80 BYTE) null  ,
	etiqueta_Singular                varchar2(80 BYTE) null  ,
	flag_Auditable                   number(1,0)DEFAULT  1   not null  ,
	flag_Restringido                 number(1,0)DEFAULT  0   not null  ,
	tablaFK                         varchar2(30 BYTE) null  ,
	etiquetaFK                      varchar2(80 BYTE) null  ,
	columnaFK                       varchar2(60 BYTE) null  ,
	vigente                         number(1,0)DEFAULT  1 not null  ,
	audit_Usuario_Creacion            varchar2(25 BYTE) not null  ,
	audit_Fecha_Creacion              TIMESTAMP(6) not null  ,
	audit_Usuario_Modifica            varchar2(25 BYTE) null  ,
	audit_Fecha_Modifica              TIMESTAMP(6) null   
)


alter table AUD_AUDITORIA add primary key(tabla, codigo, movimiento)
alter table AUD_ERROR add primary key(anio, mes, dia, movimiento)
alter table GEN_BOTON add primary key(boton_Id)
alter table GEN_CONFIG add primary key(config_Id)
alter table GEN_MENU add primary key(menu_Id)
alter table GEN_PERFIL add primary key(perfil_Id)
alter table GEN_PERFIL_MENU add primary key(perfil_Id,menu_Id)
alter table GEN_USUARIO add primary key(login)
alter table GEN_USUARIO add foreign key(perfil_Id) references GEN_PERFIL(perfil_Id)
alter table GEN_PERFIL_MENU add foreign key(perfil_Id) references GEN_PERFIL(perfil_Id)
alter table GEN_PERFIL_MENU add foreign key(menu_Id) references GEN_MENU(menu_Id)





Insert into GEN_BOTON (BOTON_ID,NOMBRE,ICON,ACTION,ACTIVO,AUDIT_USUARIO_CREACION,AUDIT_USUARIO_MODIFICA,AUDIT_FECHA_CREACION,AUDIT_FECHA_MODIFICA) values ('1','Insertar','ui-button-add','actionInsert','1','admin','admin',to_timestamp('26/07/22 11:47:57,000000000 AM','DD/MM/RR HH12:MI:SSXFF AM'),to_timestamp('26/07/22 11:47:57,000000000 AM','DD/MM/RR HH12:MI:SSXFF AM'));
Insert into GEN_BOTON (BOTON_ID,NOMBRE,ICON,ACTION,ACTIVO,AUDIT_USUARIO_CREACION,AUDIT_USUARIO_MODIFICA,AUDIT_FECHA_CREACION,AUDIT_FECHA_MODIFICA) values ('2','Editar','ui-button-edit','actionUpdate','1','admin','admin',to_timestamp('26/07/22 11:48:57,000000000 AM','DD/MM/RR HH12:MI:SSXFF AM'),to_timestamp('26/07/22 11:48:57,000000000 AM','DD/MM/RR HH12:MI:SSXFF AM'));
Insert into GEN_BOTON (BOTON_ID,NOMBRE,ICON,ACTION,ACTIVO,AUDIT_USUARIO_CREACION,AUDIT_USUARIO_MODIFICA,AUDIT_FECHA_CREACION,AUDIT_FECHA_MODIFICA) values ('3','Eliminar','ui-button-delete','actionDelete','1','admin','admin',to_timestamp('26/07/22 11:49:05,000000000 AM','DD/MM/RR HH12:MI:SSXFF AM'),to_timestamp('26/07/22 11:49:05,000000000 AM','DD/MM/RR HH12:MI:SSXFF AM'));
Insert into GEN_BOTON (BOTON_ID,NOMBRE,ICON,ACTION,ACTIVO,AUDIT_USUARIO_CREACION,AUDIT_USUARIO_MODIFICA,AUDIT_FECHA_CREACION,AUDIT_FECHA_MODIFICA) values ('4','Ver','ui-button-view','actionView','1','admin','admin',to_timestamp('26/07/22 11:49:11,000000000 AM','DD/MM/RR HH12:MI:SSXFF AM'),to_timestamp('26/07/22 11:49:11,000000000 AM','DD/MM/RR HH12:MI:SSXFF AM'));
Insert into GEN_BOTON (BOTON_ID,NOMBRE,ICON,ACTION,ACTIVO,AUDIT_USUARIO_CREACION,AUDIT_USUARIO_MODIFICA,AUDIT_FECHA_CREACION,AUDIT_FECHA_MODIFICA) values ('5','Buscar','ui-button-search','actionSearch','1','admin','admin',to_timestamp('26/07/22 11:49:15,000000000 AM','DD/MM/RR HH12:MI:SSXFF AM'),to_timestamp('26/07/22 11:49:15,000000000 AM','DD/MM/RR HH12:MI:SSXFF AM'));
Insert into GEN_BOTON (BOTON_ID,NOMBRE,ICON,ACTION,ACTIVO,AUDIT_USUARIO_CREACION,AUDIT_USUARIO_MODIFICA,AUDIT_FECHA_CREACION,AUDIT_FECHA_MODIFICA) values ('6','Imprimir','ui-button-print','actionPrint','1','admin','admin',to_timestamp('26/07/22 11:49:20,000000000 AM','DD/MM/RR HH12:MI:SSXFF AM'),to_timestamp('26/07/22 11:49:20,000000000 AM','DD/MM/RR HH12:MI:SSXFF AM'));
Insert into GEN_BOTON (BOTON_ID,NOMBRE,ICON,ACTION,ACTIVO,AUDIT_USUARIO_CREACION,AUDIT_USUARIO_MODIFICA,AUDIT_FECHA_CREACION,AUDIT_FECHA_MODIFICA) values ('7','Subir Archivo','ui-button-upload','actionUpload','1','admin','super',to_timestamp('26/07/22 11:49:25,000000000 AM','DD/MM/RR HH12:MI:SSXFF AM'),to_timestamp('26/07/22 11:49:25,000000000 AM','DD/MM/RR HH12:MI:SSXFF AM'));
Insert into GEN_BOTON (BOTON_ID,NOMBRE,ICON,ACTION,ACTIVO,AUDIT_USUARIO_CREACION,AUDIT_USUARIO_MODIFICA,AUDIT_FECHA_CREACION,AUDIT_FECHA_MODIFICA) values ('8','Descargar Archivos','ui-button-download','actionDownload','1','admin','super',to_timestamp('26/07/22 11:49:30,000000000 AM','DD/MM/RR HH12:MI:SSXFF AM'),to_timestamp('26/07/22 11:49:30,000000000 AM','DD/MM/RR HH12:MI:SSXFF AM'));
Insert into GEN_BOTON (BOTON_ID,NOMBRE,ICON,ACTION,ACTIVO,AUDIT_USUARIO_CREACION,AUDIT_USUARIO_MODIFICA,AUDIT_FECHA_CREACION,AUDIT_FECHA_MODIFICA) values ('9','Importar','ui-button-import','actionImport','1','admin','admin',to_timestamp('26/07/22 11:49:34,000000000 AM','DD/MM/RR HH12:MI:SSXFF AM'),to_timestamp('26/07/22 11:49:34,000000000 AM','DD/MM/RR HH12:MI:SSXFF AM'));
Insert into GEN_BOTON (BOTON_ID,NOMBRE,ICON,ACTION,ACTIVO,AUDIT_USUARIO_CREACION,AUDIT_USUARIO_MODIFICA,AUDIT_FECHA_CREACION,AUDIT_FECHA_MODIFICA) values ('10','Exportar','ui-button-export','actionExport','1','admin','super',to_timestamp('26/07/22 11:49:39,000000000 AM','DD/MM/RR HH12:MI:SSXFF AM'),to_timestamp('26/07/22 11:49:39,000000000 AM','DD/MM/RR HH12:MI:SSXFF AM'));

Insert into GEN_CONFIG (CONFIG_ID,CONCEPTO,SYSTEM_ID,SYSTEM_VERSION,SYSTEM_DATE,SYSTEM_DATE_CREATED,REPOSITORY,TYPE_DOCUMENT,TYPE_IMAGE,SIZE_DOCUMENT,SIZE_IMAGE,WEBSERVICE_SECURITY,WEBSERVICE_PIDE,TYPE_DOCUMENT_LABEL,TYPE_IMAGE_LABEL,LDAP_URL,LDAP_DOMAIN,SMTP_HOST,ACTIVO,LIMIT_DOCUMENT,LIMIT_IMAGE,LIMIT_ROW,SECRET_KEY,SECRET_KEYSPEC,LOGO_PATH,LOGO_PATH_RELATIVE,URL_SISTEMA_REMOTO,ANALYTICS,FLAG_REPORTE_RELATIVE) values ('DEVELOPMENT','Configuracion Desarrollo','100','1.0.0',to_date('09/01/17','DD/MM/RR'),to_date('09/01/17','DD/MM/RR'),'/opt/Filesystem/PSM/','pdf|doc|docx','jpeg|jpg|png','2097152','2097152','http://sistemas7.minjus.gob.pe:8080/sgsi_wsv2/AccesoWS?wsdl','http://pisaq.minjus.gob.pe:8080/Pide/services/PideWS?wsdl','pdf, doc, docx','jpeg, jpg, png','LDAP://172.30.16.200:389/DC=minjus,DC=gob,DC=pe','minjusdom','172.30.16.2','1','10','10','5000','BeM5sdnRyow=','BeM5sdnRyow=','/resources/images/template/logo.png','1',null,null,'1');
Insert into GEN_CONFIG (CONFIG_ID,CONCEPTO,SYSTEM_ID,SYSTEM_VERSION,SYSTEM_DATE,SYSTEM_DATE_CREATED,REPOSITORY,TYPE_DOCUMENT,TYPE_IMAGE,SIZE_DOCUMENT,SIZE_IMAGE,WEBSERVICE_SECURITY,WEBSERVICE_PIDE,TYPE_DOCUMENT_LABEL,TYPE_IMAGE_LABEL,LDAP_URL,LDAP_DOMAIN,SMTP_HOST,ACTIVO,LIMIT_DOCUMENT,LIMIT_IMAGE,LIMIT_ROW,SECRET_KEY,SECRET_KEYSPEC,LOGO_PATH,LOGO_PATH_RELATIVE,URL_SISTEMA_REMOTO,ANALYTICS,FLAG_REPORTE_RELATIVE) values ('LOCAL','Configuracion Local','100','1.0.0',to_date('09/01/17','DD/MM/RR'),to_date('09/01/17','DD/MM/RR'),'D:/repositorio/SISEMI/','pdf|doc|docx','jpeg|jpg|png','2097152','2097152',' ','http://pisaq.minjus.gob.pe:8080/Pide/services/PideWS?wsdl','pdf, doc, docx','jpeg, jpg, png','LDAP://172.30.16.200:389/DC=minjus,DC=gob,DC=pe','minjusdom','172.30.16.2','1','10','10','5000','oA0C7iJgu74hx45svHLFIA==','BeM5sdnRyow=','D:/repositorio/CONFIG/images/minjus-logo.png','1','khuertas',null,'1');
Insert into GEN_CONFIG (CONFIG_ID,CONCEPTO,SYSTEM_ID,SYSTEM_VERSION,SYSTEM_DATE,SYSTEM_DATE_CREATED,REPOSITORY,TYPE_DOCUMENT,TYPE_IMAGE,SIZE_DOCUMENT,SIZE_IMAGE,WEBSERVICE_SECURITY,WEBSERVICE_PIDE,TYPE_DOCUMENT_LABEL,TYPE_IMAGE_LABEL,LDAP_URL,LDAP_DOMAIN,SMTP_HOST,ACTIVO,LIMIT_DOCUMENT,LIMIT_IMAGE,LIMIT_ROW,SECRET_KEY,SECRET_KEYSPEC,LOGO_PATH,LOGO_PATH_RELATIVE,URL_SISTEMA_REMOTO,ANALYTICS,FLAG_REPORTE_RELATIVE) values ('PRODUCTION','Configuracion para Produccion','100','1.0.0',to_date('09/01/17','DD/MM/RR'),to_date('09/01/17','DD/MM/RR'),'/opt/Filesystem/PSM/','pdf|doc|docx','jpeg|jpg|png','2097152','2097152','https://des-apache.minjus.gob.pe/sgsi_wsv2/AccesoWS?wsdl','http://pisaq.minjus.gob.pe:8080/Pide/services/PideWS?wsdl','pdf, doc, docx','jpeg, jpg, png','LDAP://172.30.16.200:389/DC=minjus,DC=gob,DC=pe','minjusdom','172.30.16.2','1','10','10','5000','BeM5sdnRyow=','BeM5sdnRyow=','/resources/images/template/logo.png','1',null,null,'0');

Insert into GEN_MENU (MENU_ID,NOMBRE,TIPO,MENU_PADRE,URL,COMMAND,ICON,AJAX,UPDATED,NIVEL,ORDEN,ACTIVO,AUDIT_USUARIO_CREACION,AUDIT_USUARIO_MODIFICA,AUDIT_FECHA_CREACION,AUDIT_FECHA_MODIFICA) values ('67','Exportar','B','5','actionExport',null,'ui-button-export','1',null,'3','6','1','super','super',to_timestamp('08/08/22 10:32:25,000000000 AM','DD/MM/RR HH12:MI:SSXFF AM'),to_timestamp('08/08/22 10:32:25,000000000 AM','DD/MM/RR HH12:MI:SSXFF AM'));
Insert into GEN_MENU (MENU_ID,NOMBRE,TIPO,MENU_PADRE,URL,COMMAND,ICON,AJAX,UPDATED,NIVEL,ORDEN,ACTIVO,AUDIT_USUARIO_CREACION,AUDIT_USUARIO_MODIFICA,AUDIT_FECHA_CREACION,AUDIT_FECHA_MODIFICA) values ('68','Insertar','B','5','actionInsert',null,'ui-button-add','1',null,'3','6','1','super','super',to_timestamp('08/08/22 10:32:25,000000000 AM','DD/MM/RR HH12:MI:SSXFF AM'),to_timestamp('08/08/22 10:32:25,000000000 AM','DD/MM/RR HH12:MI:SSXFF AM'));
Insert into GEN_MENU (MENU_ID,NOMBRE,TIPO,MENU_PADRE,URL,COMMAND,ICON,AJAX,UPDATED,NIVEL,ORDEN,ACTIVO,AUDIT_USUARIO_CREACION,AUDIT_USUARIO_MODIFICA,AUDIT_FECHA_CREACION,AUDIT_FECHA_MODIFICA) values ('51','Usuario Prueba','I','50','/content/master/usuarioprueba/usuarioMain.xhtml',null,null,'1',null,'2','1','1','super','super',to_timestamp('28/07/22 09:32:58,000000000 PM','DD/MM/RR HH12:MI:SSXFF AM'),to_timestamp('15/08/22 04:09:43,000000000 PM','DD/MM/RR HH12:MI:SSXFF AM'));
Insert into GEN_MENU (MENU_ID,NOMBRE,TIPO,MENU_PADRE,URL,COMMAND,ICON,AJAX,UPDATED,NIVEL,ORDEN,ACTIVO,AUDIT_USUARIO_CREACION,AUDIT_USUARIO_MODIFICA,AUDIT_FECHA_CREACION,AUDIT_FECHA_MODIFICA) values ('52','Buscar','B','51','actionSearch',null,'ui-button-search','1',null,'3','1','1','super','super',to_timestamp('28/07/22 09:52:15,000000000 PM','DD/MM/RR HH12:MI:SSXFF AM'),to_timestamp('28/07/22 09:52:15,000000000 PM','DD/MM/RR HH12:MI:SSXFF AM'));
Insert into GEN_MENU (MENU_ID,NOMBRE,TIPO,MENU_PADRE,URL,COMMAND,ICON,AJAX,UPDATED,NIVEL,ORDEN,ACTIVO,AUDIT_USUARIO_CREACION,AUDIT_USUARIO_MODIFICA,AUDIT_FECHA_CREACION,AUDIT_FECHA_MODIFICA) values ('53','Descargar Archivos','B','51','actionDownload',null,'ui-button-download','1',null,'3','1','1','super','super',to_timestamp('28/07/22 09:52:15,000000000 PM','DD/MM/RR HH12:MI:SSXFF AM'),to_timestamp('28/07/22 09:52:15,000000000 PM','DD/MM/RR HH12:MI:SSXFF AM'));
Insert into GEN_MENU (MENU_ID,NOMBRE,TIPO,MENU_PADRE,URL,COMMAND,ICON,AJAX,UPDATED,NIVEL,ORDEN,ACTIVO,AUDIT_USUARIO_CREACION,AUDIT_USUARIO_MODIFICA,AUDIT_FECHA_CREACION,AUDIT_FECHA_MODIFICA) values ('54','Editar','B','51','actionUpdate',null,'ui-button-edit','1',null,'3','1','1','super','super',to_timestamp('28/07/22 09:52:15,000000000 PM','DD/MM/RR HH12:MI:SSXFF AM'),to_timestamp('28/07/22 09:52:15,000000000 PM','DD/MM/RR HH12:MI:SSXFF AM'));
Insert into GEN_MENU (MENU_ID,NOMBRE,TIPO,MENU_PADRE,URL,COMMAND,ICON,AJAX,UPDATED,NIVEL,ORDEN,ACTIVO,AUDIT_USUARIO_CREACION,AUDIT_USUARIO_MODIFICA,AUDIT_FECHA_CREACION,AUDIT_FECHA_MODIFICA) values ('55','Eliminar','B','51','actionDelete',null,'ui-button-delete','1',null,'3','1','1','super','super',to_timestamp('28/07/22 09:52:15,000000000 PM','DD/MM/RR HH12:MI:SSXFF AM'),to_timestamp('28/07/22 09:52:15,000000000 PM','DD/MM/RR HH12:MI:SSXFF AM'));
Insert into GEN_MENU (MENU_ID,NOMBRE,TIPO,MENU_PADRE,URL,COMMAND,ICON,AJAX,UPDATED,NIVEL,ORDEN,ACTIVO,AUDIT_USUARIO_CREACION,AUDIT_USUARIO_MODIFICA,AUDIT_FECHA_CREACION,AUDIT_FECHA_MODIFICA) values ('56','Exportar','B','51','actionExport',null,'ui-button-export','1',null,'3','1','1','super','super',to_timestamp('28/07/22 09:52:15,000000000 PM','DD/MM/RR HH12:MI:SSXFF AM'),to_timestamp('28/07/22 09:52:15,000000000 PM','DD/MM/RR HH12:MI:SSXFF AM'));
Insert into GEN_MENU (MENU_ID,NOMBRE,TIPO,MENU_PADRE,URL,COMMAND,ICON,AJAX,UPDATED,NIVEL,ORDEN,ACTIVO,AUDIT_USUARIO_CREACION,AUDIT_USUARIO_MODIFICA,AUDIT_FECHA_CREACION,AUDIT_FECHA_MODIFICA) values ('57','Importar','B','51','actionImport',null,'ui-button-import','1',null,'3','1','1','super','super',to_timestamp('28/07/22 09:52:15,000000000 PM','DD/MM/RR HH12:MI:SSXFF AM'),to_timestamp('28/07/22 09:52:15,000000000 PM','DD/MM/RR HH12:MI:SSXFF AM'));
Insert into GEN_MENU (MENU_ID,NOMBRE,TIPO,MENU_PADRE,URL,COMMAND,ICON,AJAX,UPDATED,NIVEL,ORDEN,ACTIVO,AUDIT_USUARIO_CREACION,AUDIT_USUARIO_MODIFICA,AUDIT_FECHA_CREACION,AUDIT_FECHA_MODIFICA) values ('58','Imprimir','B','51','actionPrint',null,'ui-button-print','1',null,'3','1','1','super','super',to_timestamp('28/07/22 09:52:15,000000000 PM','DD/MM/RR HH12:MI:SSXFF AM'),to_timestamp('28/07/22 09:52:15,000000000 PM','DD/MM/RR HH12:MI:SSXFF AM'));
Insert into GEN_MENU (MENU_ID,NOMBRE,TIPO,MENU_PADRE,URL,COMMAND,ICON,AJAX,UPDATED,NIVEL,ORDEN,ACTIVO,AUDIT_USUARIO_CREACION,AUDIT_USUARIO_MODIFICA,AUDIT_FECHA_CREACION,AUDIT_FECHA_MODIFICA) values ('59','Insertar','B','51','actionInsert',null,'ui-button-add','1',null,'3','1','1','super','super',to_timestamp('28/07/22 09:52:15,000000000 PM','DD/MM/RR HH12:MI:SSXFF AM'),to_timestamp('28/07/22 09:52:15,000000000 PM','DD/MM/RR HH12:MI:SSXFF AM'));
Insert into GEN_MENU (MENU_ID,NOMBRE,TIPO,MENU_PADRE,URL,COMMAND,ICON,AJAX,UPDATED,NIVEL,ORDEN,ACTIVO,AUDIT_USUARIO_CREACION,AUDIT_USUARIO_MODIFICA,AUDIT_FECHA_CREACION,AUDIT_FECHA_MODIFICA) values ('60','Subir Archivo','B','51','actionUpload',null,'ui-button-upload','1',null,'3','1','1','super','super',to_timestamp('28/07/22 09:52:15,000000000 PM','DD/MM/RR HH12:MI:SSXFF AM'),to_timestamp('28/07/22 09:52:15,000000000 PM','DD/MM/RR HH12:MI:SSXFF AM'));
Insert into GEN_MENU (MENU_ID,NOMBRE,TIPO,MENU_PADRE,URL,COMMAND,ICON,AJAX,UPDATED,NIVEL,ORDEN,ACTIVO,AUDIT_USUARIO_CREACION,AUDIT_USUARIO_MODIFICA,AUDIT_FECHA_CREACION,AUDIT_FECHA_MODIFICA) values ('61','Ver','B','51','actionView',null,'ui-button-view','1',null,'3','1','1','super','super',to_timestamp('28/07/22 09:52:15,000000000 PM','DD/MM/RR HH12:MI:SSXFF AM'),to_timestamp('28/07/22 09:52:15,000000000 PM','DD/MM/RR HH12:MI:SSXFF AM'));
Insert into GEN_MENU (MENU_ID,NOMBRE,TIPO,MENU_PADRE,URL,COMMAND,ICON,AJAX,UPDATED,NIVEL,ORDEN,ACTIVO,AUDIT_USUARIO_CREACION,AUDIT_USUARIO_MODIFICA,AUDIT_FECHA_CREACION,AUDIT_FECHA_MODIFICA) values ('66','otros','I','1','22',null,null,'0',null,'2','7','1','super','super',to_timestamp('07/08/22 08:07:24,000000000 PM','DD/MM/RR HH12:MI:SSXFF AM'),to_timestamp('07/08/22 08:07:24,000000000 PM','DD/MM/RR HH12:MI:SSXFF AM'));
Insert into GEN_MENU (MENU_ID,NOMBRE,TIPO,MENU_PADRE,URL,COMMAND,ICON,AJAX,UPDATED,NIVEL,ORDEN,ACTIVO,AUDIT_USUARIO_CREACION,AUDIT_USUARIO_MODIFICA,AUDIT_FECHA_CREACION,AUDIT_FECHA_MODIFICA) values ('1','Seguridad','M',null,'/content/seguridad/index.xhtml','22','ui-button-menu','1','22','1','1','1','admin','super',to_timestamp('29/04/17 08:16:20,000000000 PM','DD/MM/RR HH12:MI:SSXFF AM'),to_timestamp('07/08/22 08:07:43,000000000 PM','DD/MM/RR HH12:MI:SSXFF AM'));
Insert into GEN_MENU (MENU_ID,NOMBRE,TIPO,MENU_PADRE,URL,COMMAND,ICON,AJAX,UPDATED,NIVEL,ORDEN,ACTIVO,AUDIT_USUARIO_CREACION,AUDIT_USUARIO_MODIFICA,AUDIT_FECHA_CREACION,AUDIT_FECHA_MODIFICA) values ('2','Ayuda','M',null,'/content/help/index.xhtml',' ','ui-button-menu','1',' ','1','2','1','admin','admin',to_timestamp('30/04/17 04:21:19,000000000 PM','DD/MM/RR HH12:MI:SSXFF AM'),to_timestamp('02/05/17 11:25:02,000000000 AM','DD/MM/RR HH12:MI:SSXFF AM'));
Insert into GEN_MENU (MENU_ID,NOMBRE,TIPO,MENU_PADRE,URL,COMMAND,ICON,AJAX,UPDATED,NIVEL,ORDEN,ACTIVO,AUDIT_USUARIO_CREACION,AUDIT_USUARIO_MODIFICA,AUDIT_FECHA_CREACION,AUDIT_FECHA_MODIFICA) values ('3','Configuracion','M',null,'/content/config/index.xhtml',' ','ui-button-menu','1',' ','1','3','1','admin','admin',to_timestamp('30/04/17 04:22:37,000000000 PM','DD/MM/RR HH12:MI:SSXFF AM'),to_timestamp('30/04/17 06:21:28,000000000 PM','DD/MM/RR HH12:MI:SSXFF AM'));
Insert into GEN_MENU (MENU_ID,NOMBRE,TIPO,MENU_PADRE,URL,COMMAND,ICON,AJAX,UPDATED,NIVEL,ORDEN,ACTIVO,AUDIT_USUARIO_CREACION,AUDIT_USUARIO_MODIFICA,AUDIT_FECHA_CREACION,AUDIT_FECHA_MODIFICA) values ('4','Administrar Usuarios','I','1','/content/seguridad/usuario/usuarioMain.xhtml',' ','ui-button-item','1',' ','2','2','1','admin','admin',to_timestamp('30/04/17 05:14:18,000000000 PM','DD/MM/RR HH12:MI:SSXFF AM'),to_timestamp('30/04/17 08:57:25,000000000 PM','DD/MM/RR HH12:MI:SSXFF AM'));
Insert into GEN_MENU (MENU_ID,NOMBRE,TIPO,MENU_PADRE,URL,COMMAND,ICON,AJAX,UPDATED,NIVEL,ORDEN,ACTIVO,AUDIT_USUARIO_CREACION,AUDIT_USUARIO_MODIFICA,AUDIT_FECHA_CREACION,AUDIT_FECHA_MODIFICA) values ('5','Administrar Perfiles','I','1','/content/seguridad/perfil/perfilMain.xhtml',' ','ui-button-item','1',' ','2','1','1','admin','admin',to_timestamp('30/04/17 05:14:55,000000000 PM','DD/MM/RR HH12:MI:SSXFF AM'),to_timestamp('30/04/17 08:57:25,000000000 PM','DD/MM/RR HH12:MI:SSXFF AM'));
Insert into GEN_MENU (MENU_ID,NOMBRE,TIPO,MENU_PADRE,URL,COMMAND,ICON,AJAX,UPDATED,NIVEL,ORDEN,ACTIVO,AUDIT_USUARIO_CREACION,AUDIT_USUARIO_MODIFICA,AUDIT_FECHA_CREACION,AUDIT_FECHA_MODIFICA) values ('6','Administrar Menus','I','1','/content/seguridad/menu/menuMain.xhtml',' ','ui-button-item','1',' ','2','3','1','admin','admin',to_timestamp('30/04/17 05:30:39,000000000 PM','DD/MM/RR HH12:MI:SSXFF AM'),to_timestamp('30/04/17 06:20:15,000000000 PM','DD/MM/RR HH12:MI:SSXFF AM'));
Insert into GEN_MENU (MENU_ID,NOMBRE,TIPO,MENU_PADRE,URL,COMMAND,ICON,AJAX,UPDATED,NIVEL,ORDEN,ACTIVO,AUDIT_USUARIO_CREACION,AUDIT_USUARIO_MODIFICA,AUDIT_FECHA_CREACION,AUDIT_FECHA_MODIFICA) values ('7','Administrar Botones','I','1','/content/seguridad/boton/botonMain.xhtml',' ','ui-button-item','1',' ','2','5','1','admin','admin',to_timestamp('30/04/17 05:32:03,000000000 PM','DD/MM/RR HH12:MI:SSXFF AM'),to_timestamp('30/04/17 08:57:31,000000000 PM','DD/MM/RR HH12:MI:SSXFF AM'));
Insert into GEN_MENU (MENU_ID,NOMBRE,TIPO,MENU_PADRE,URL,COMMAND,ICON,AJAX,UPDATED,NIVEL,ORDEN,ACTIVO,AUDIT_USUARIO_CREACION,AUDIT_USUARIO_MODIFICA,AUDIT_FECHA_CREACION,AUDIT_FECHA_MODIFICA) values ('8','Administrar Permisos','I','1','/content/seguridad/permiso/permisoMain.xhtml',' ','ui-button-item','1',' ','2','4','1','admin','admin',to_timestamp('30/04/17 06:19:39,000000000 PM','DD/MM/RR HH12:MI:SSXFF AM'),to_timestamp('30/04/17 08:57:31,000000000 PM','DD/MM/RR HH12:MI:SSXFF AM'));
Insert into GEN_MENU (MENU_ID,NOMBRE,TIPO,MENU_PADRE,URL,COMMAND,ICON,AJAX,UPDATED,NIVEL,ORDEN,ACTIVO,AUDIT_USUARIO_CREACION,AUDIT_USUARIO_MODIFICA,AUDIT_FECHA_CREACION,AUDIT_FECHA_MODIFICA) values ('9','Sistema','I','3','/content/config/sistema/sistemaMain.xhtml',' ','ui-button-item','1',' ','2','1','1','admin',' ',to_timestamp('30/04/17 07:48:47,000000000 PM','DD/MM/RR HH12:MI:SSXFF AM'),to_timestamp('30/04/17 07:55:45,000000000 PM','DD/MM/RR HH12:MI:SSXFF AM'));
Insert into GEN_MENU (MENU_ID,NOMBRE,TIPO,MENU_PADRE,URL,COMMAND,ICON,AJAX,UPDATED,NIVEL,ORDEN,ACTIVO,AUDIT_USUARIO_CREACION,AUDIT_USUARIO_MODIFICA,AUDIT_FECHA_CREACION,AUDIT_FECHA_MODIFICA) values ('10','Ver','B','9','actionView',null,'ui-button-view','1',null,'3','1','1','admin','admin',to_timestamp('30/04/17 07:49:07,000000000 PM','DD/MM/RR HH12:MI:SSXFF AM'),to_timestamp('30/04/17 07:49:07,000000000 PM','DD/MM/RR HH12:MI:SSXFF AM'));
Insert into GEN_MENU (MENU_ID,NOMBRE,TIPO,MENU_PADRE,URL,COMMAND,ICON,AJAX,UPDATED,NIVEL,ORDEN,ACTIVO,AUDIT_USUARIO_CREACION,AUDIT_USUARIO_MODIFICA,AUDIT_FECHA_CREACION,AUDIT_FECHA_MODIFICA) values ('11','Editar','B','9','actionUpdate',null,'ui-button-edit','1',null,'3','2','1','admin','admin',to_timestamp('30/04/17 07:55:53,000000000 PM','DD/MM/RR HH12:MI:SSXFF AM'),to_timestamp('30/04/17 07:55:53,000000000 PM','DD/MM/RR HH12:MI:SSXFF AM'));
Insert into GEN_MENU (MENU_ID,NOMBRE,TIPO,MENU_PADRE,URL,COMMAND,ICON,AJAX,UPDATED,NIVEL,ORDEN,ACTIVO,AUDIT_USUARIO_CREACION,AUDIT_USUARIO_MODIFICA,AUDIT_FECHA_CREACION,AUDIT_FECHA_MODIFICA) values ('12','Ver','B','4','actionView',null,'ui-button-view','1',null,'3','3','1','admin','admin',to_timestamp('30/04/17 08:08:17,000000000 PM','DD/MM/RR HH12:MI:SSXFF AM'),to_timestamp('30/04/17 08:57:52,000000000 PM','DD/MM/RR HH12:MI:SSXFF AM'));
Insert into GEN_MENU (MENU_ID,NOMBRE,TIPO,MENU_PADRE,URL,COMMAND,ICON,AJAX,UPDATED,NIVEL,ORDEN,ACTIVO,AUDIT_USUARIO_CREACION,AUDIT_USUARIO_MODIFICA,AUDIT_FECHA_CREACION,AUDIT_FECHA_MODIFICA) values ('13','Insertar','B','4','actionInsert',null,'ui-button-add','1',null,'3','2','1','admin','admin',to_timestamp('30/04/17 08:08:49,000000000 PM','DD/MM/RR HH12:MI:SSXFF AM'),to_timestamp('30/04/17 08:57:52,000000000 PM','DD/MM/RR HH12:MI:SSXFF AM'));
Insert into GEN_MENU (MENU_ID,NOMBRE,TIPO,MENU_PADRE,URL,COMMAND,ICON,AJAX,UPDATED,NIVEL,ORDEN,ACTIVO,AUDIT_USUARIO_CREACION,AUDIT_USUARIO_MODIFICA,AUDIT_FECHA_CREACION,AUDIT_FECHA_MODIFICA) values ('14','Editar','B','4','actionUpdate',null,'ui-button-edit','1',null,'3','4','1','admin','admin',to_timestamp('30/04/17 08:09:03,000000000 PM','DD/MM/RR HH12:MI:SSXFF AM'),to_timestamp('30/04/17 08:57:45,000000000 PM','DD/MM/RR HH12:MI:SSXFF AM'));
Insert into GEN_MENU (MENU_ID,NOMBRE,TIPO,MENU_PADRE,URL,COMMAND,ICON,AJAX,UPDATED,NIVEL,ORDEN,ACTIVO,AUDIT_USUARIO_CREACION,AUDIT_USUARIO_MODIFICA,AUDIT_FECHA_CREACION,AUDIT_FECHA_MODIFICA) values ('15','Eliminar','B','4','actionDelete',null,'ui-button-delete','1',null,'3','5','1','admin','admin',to_timestamp('30/04/17 08:09:15,000000000 PM','DD/MM/RR HH12:MI:SSXFF AM'),to_timestamp('30/04/17 08:57:43,000000000 PM','DD/MM/RR HH12:MI:SSXFF AM'));
Insert into GEN_MENU (MENU_ID,NOMBRE,TIPO,MENU_PADRE,URL,COMMAND,ICON,AJAX,UPDATED,NIVEL,ORDEN,ACTIVO,AUDIT_USUARIO_CREACION,AUDIT_USUARIO_MODIFICA,AUDIT_FECHA_CREACION,AUDIT_FECHA_MODIFICA) values ('16','Buscar','B','4','actionSearch',null,'ui-button-search','1',null,'3','1','1','admin','admin',to_timestamp('30/04/17 08:09:22,000000000 PM','DD/MM/RR HH12:MI:SSXFF AM'),to_timestamp('30/04/17 08:57:49,000000000 PM','DD/MM/RR HH12:MI:SSXFF AM'));
Insert into GEN_MENU (MENU_ID,NOMBRE,TIPO,MENU_PADRE,URL,COMMAND,ICON,AJAX,UPDATED,NIVEL,ORDEN,ACTIVO,AUDIT_USUARIO_CREACION,AUDIT_USUARIO_MODIFICA,AUDIT_FECHA_CREACION,AUDIT_FECHA_MODIFICA) values ('17','Buscar','B','5','actionSearch',null,'ui-button-search','1',null,'3','1','1','admin','super',to_timestamp('30/04/17 08:09:31,000000000 PM','DD/MM/RR HH12:MI:SSXFF AM'),to_timestamp('10/08/17 09:40:30,000000000 AM','DD/MM/RR HH12:MI:SSXFF AM'));
Insert into GEN_MENU (MENU_ID,NOMBRE,TIPO,MENU_PADRE,URL,COMMAND,ICON,AJAX,UPDATED,NIVEL,ORDEN,ACTIVO,AUDIT_USUARIO_CREACION,AUDIT_USUARIO_MODIFICA,AUDIT_FECHA_CREACION,AUDIT_FECHA_MODIFICA) values ('18','Subir Archivo','B','5','actionUpload',null,'ui-button-add','1',null,'3','2','1','admin','super',to_timestamp('30/04/17 08:09:43,000000000 PM','DD/MM/RR HH12:MI:SSXFF AM'),to_timestamp('10/08/17 02:13:26,000000000 AM','DD/MM/RR HH12:MI:SSXFF AM'));
Insert into GEN_MENU (MENU_ID,NOMBRE,TIPO,MENU_PADRE,URL,COMMAND,ICON,AJAX,UPDATED,NIVEL,ORDEN,ACTIVO,AUDIT_USUARIO_CREACION,AUDIT_USUARIO_MODIFICA,AUDIT_FECHA_CREACION,AUDIT_FECHA_MODIFICA) values ('19','Ver','B','5','actionView',null,'ui-button-view','1',null,'3','3','1','admin','admin',to_timestamp('30/04/17 08:09:50,000000000 PM','DD/MM/RR HH12:MI:SSXFF AM'),to_timestamp('30/04/17 08:09:50,000000000 PM','DD/MM/RR HH12:MI:SSXFF AM'));
Insert into GEN_MENU (MENU_ID,NOMBRE,TIPO,MENU_PADRE,URL,COMMAND,ICON,AJAX,UPDATED,NIVEL,ORDEN,ACTIVO,AUDIT_USUARIO_CREACION,AUDIT_USUARIO_MODIFICA,AUDIT_FECHA_CREACION,AUDIT_FECHA_MODIFICA) values ('20','Editar','B','5','actionUpdate',null,'ui-button-edit','1',null,'3','4','1','admin','admin',to_timestamp('30/04/17 08:09:57,000000000 PM','DD/MM/RR HH12:MI:SSXFF AM'),to_timestamp('30/04/17 08:09:57,000000000 PM','DD/MM/RR HH12:MI:SSXFF AM'));
Insert into GEN_MENU (MENU_ID,NOMBRE,TIPO,MENU_PADRE,URL,COMMAND,ICON,AJAX,UPDATED,NIVEL,ORDEN,ACTIVO,AUDIT_USUARIO_CREACION,AUDIT_USUARIO_MODIFICA,AUDIT_FECHA_CREACION,AUDIT_FECHA_MODIFICA) values ('21','Eliminar','B','5','actionDelete',null,'ui-button-delete','1',null,'3','5','1','admin','admin',to_timestamp('30/04/17 08:10:10,000000000 PM','DD/MM/RR HH12:MI:SSXFF AM'),to_timestamp('30/04/17 08:10:10,000000000 PM','DD/MM/RR HH12:MI:SSXFF AM'));
Insert into GEN_MENU (MENU_ID,NOMBRE,TIPO,MENU_PADRE,URL,COMMAND,ICON,AJAX,UPDATED,NIVEL,ORDEN,ACTIVO,AUDIT_USUARIO_CREACION,AUDIT_USUARIO_MODIFICA,AUDIT_FECHA_CREACION,AUDIT_FECHA_MODIFICA) values ('22','Buscar','B','6','actionSearch',null,'ui-button-search','1',null,'3','1','1','admin','admin',to_timestamp('30/04/17 08:10:20,000000000 PM','DD/MM/RR HH12:MI:SSXFF AM'),to_timestamp('30/04/17 08:10:20,000000000 PM','DD/MM/RR HH12:MI:SSXFF AM'));
Insert into GEN_MENU (MENU_ID,NOMBRE,TIPO,MENU_PADRE,URL,COMMAND,ICON,AJAX,UPDATED,NIVEL,ORDEN,ACTIVO,AUDIT_USUARIO_CREACION,AUDIT_USUARIO_MODIFICA,AUDIT_FECHA_CREACION,AUDIT_FECHA_MODIFICA) values ('23','Insertar','B','6','actionInsert',null,'ui-button-add','1',null,'3','2','1','admin','admin',to_timestamp('30/04/17 08:10:28,000000000 PM','DD/MM/RR HH12:MI:SSXFF AM'),to_timestamp('30/04/17 08:10:28,000000000 PM','DD/MM/RR HH12:MI:SSXFF AM'));
Insert into GEN_MENU (MENU_ID,NOMBRE,TIPO,MENU_PADRE,URL,COMMAND,ICON,AJAX,UPDATED,NIVEL,ORDEN,ACTIVO,AUDIT_USUARIO_CREACION,AUDIT_USUARIO_MODIFICA,AUDIT_FECHA_CREACION,AUDIT_FECHA_MODIFICA) values ('24','Ver','B','6','actionView',null,'ui-button-view','1',null,'3','3','1','admin','admin',to_timestamp('30/04/17 08:10:41,000000000 PM','DD/MM/RR HH12:MI:SSXFF AM'),to_timestamp('30/04/17 08:10:41,000000000 PM','DD/MM/RR HH12:MI:SSXFF AM'));
Insert into GEN_MENU (MENU_ID,NOMBRE,TIPO,MENU_PADRE,URL,COMMAND,ICON,AJAX,UPDATED,NIVEL,ORDEN,ACTIVO,AUDIT_USUARIO_CREACION,AUDIT_USUARIO_MODIFICA,AUDIT_FECHA_CREACION,AUDIT_FECHA_MODIFICA) values ('25','Editar','B','6','actionUpdate',null,'ui-button-edit','1',null,'3','4','1','admin','admin',to_timestamp('30/04/17 08:10:48,000000000 PM','DD/MM/RR HH12:MI:SSXFF AM'),to_timestamp('30/04/17 08:10:48,000000000 PM','DD/MM/RR HH12:MI:SSXFF AM'));
Insert into GEN_MENU (MENU_ID,NOMBRE,TIPO,MENU_PADRE,URL,COMMAND,ICON,AJAX,UPDATED,NIVEL,ORDEN,ACTIVO,AUDIT_USUARIO_CREACION,AUDIT_USUARIO_MODIFICA,AUDIT_FECHA_CREACION,AUDIT_FECHA_MODIFICA) values ('26','Eliminar','B','6','actionDelete',null,'ui-button-delete','1',null,'3','5','1','admin','admin',to_timestamp('30/04/17 08:10:57,000000000 PM','DD/MM/RR HH12:MI:SSXFF AM'),to_timestamp('30/04/17 08:10:57,000000000 PM','DD/MM/RR HH12:MI:SSXFF AM'));
Insert into GEN_MENU (MENU_ID,NOMBRE,TIPO,MENU_PADRE,URL,COMMAND,ICON,AJAX,UPDATED,NIVEL,ORDEN,ACTIVO,AUDIT_USUARIO_CREACION,AUDIT_USUARIO_MODIFICA,AUDIT_FECHA_CREACION,AUDIT_FECHA_MODIFICA) values ('27','Buscar','B','8','actionSearch',null,'ui-button-search','1',null,'3','1','1','admin','admin',to_timestamp('30/04/17 08:11:07,000000000 PM','DD/MM/RR HH12:MI:SSXFF AM'),to_timestamp('30/04/17 08:11:07,000000000 PM','DD/MM/RR HH12:MI:SSXFF AM'));
Insert into GEN_MENU (MENU_ID,NOMBRE,TIPO,MENU_PADRE,URL,COMMAND,ICON,AJAX,UPDATED,NIVEL,ORDEN,ACTIVO,AUDIT_USUARIO_CREACION,AUDIT_USUARIO_MODIFICA,AUDIT_FECHA_CREACION,AUDIT_FECHA_MODIFICA) values ('28','Insertar','B','8','actionInsert',null,'ui-button-add','1',null,'3','2','1','admin','admin',to_timestamp('30/04/17 08:11:17,000000000 PM','DD/MM/RR HH12:MI:SSXFF AM'),to_timestamp('30/04/17 08:11:17,000000000 PM','DD/MM/RR HH12:MI:SSXFF AM'));
Insert into GEN_MENU (MENU_ID,NOMBRE,TIPO,MENU_PADRE,URL,COMMAND,ICON,AJAX,UPDATED,NIVEL,ORDEN,ACTIVO,AUDIT_USUARIO_CREACION,AUDIT_USUARIO_MODIFICA,AUDIT_FECHA_CREACION,AUDIT_FECHA_MODIFICA) values ('29','Ver','B','8','actionView',null,'ui-button-view','1',null,'3','3','1','admin','admin',to_timestamp('30/04/17 08:11:24,000000000 PM','DD/MM/RR HH12:MI:SSXFF AM'),to_timestamp('30/04/17 08:11:24,000000000 PM','DD/MM/RR HH12:MI:SSXFF AM'));
Insert into GEN_MENU (MENU_ID,NOMBRE,TIPO,MENU_PADRE,URL,COMMAND,ICON,AJAX,UPDATED,NIVEL,ORDEN,ACTIVO,AUDIT_USUARIO_CREACION,AUDIT_USUARIO_MODIFICA,AUDIT_FECHA_CREACION,AUDIT_FECHA_MODIFICA) values ('30','Editar','B','8','actionUpdate',null,'ui-button-edit','1',null,'3','4','1','admin','admin',to_timestamp('30/04/17 08:11:31,000000000 PM','DD/MM/RR HH12:MI:SSXFF AM'),to_timestamp('30/04/17 08:11:31,000000000 PM','DD/MM/RR HH12:MI:SSXFF AM'));
Insert into GEN_MENU (MENU_ID,NOMBRE,TIPO,MENU_PADRE,URL,COMMAND,ICON,AJAX,UPDATED,NIVEL,ORDEN,ACTIVO,AUDIT_USUARIO_CREACION,AUDIT_USUARIO_MODIFICA,AUDIT_FECHA_CREACION,AUDIT_FECHA_MODIFICA) values ('31','Eliminar','B','8','actionDelete',null,'ui-button-delete','1',null,'3','5','1','admin','admin',to_timestamp('30/04/17 08:11:38,000000000 PM','DD/MM/RR HH12:MI:SSXFF AM'),to_timestamp('30/04/17 08:11:38,000000000 PM','DD/MM/RR HH12:MI:SSXFF AM'));
Insert into GEN_MENU (MENU_ID,NOMBRE,TIPO,MENU_PADRE,URL,COMMAND,ICON,AJAX,UPDATED,NIVEL,ORDEN,ACTIVO,AUDIT_USUARIO_CREACION,AUDIT_USUARIO_MODIFICA,AUDIT_FECHA_CREACION,AUDIT_FECHA_MODIFICA) values ('32','Buscar','B','7','actionSearch',null,'ui-button-search','1',null,'3','1','1','admin','admin',to_timestamp('30/04/17 08:11:47,000000000 PM','DD/MM/RR HH12:MI:SSXFF AM'),to_timestamp('30/04/17 08:11:47,000000000 PM','DD/MM/RR HH12:MI:SSXFF AM'));
Insert into GEN_MENU (MENU_ID,NOMBRE,TIPO,MENU_PADRE,URL,COMMAND,ICON,AJAX,UPDATED,NIVEL,ORDEN,ACTIVO,AUDIT_USUARIO_CREACION,AUDIT_USUARIO_MODIFICA,AUDIT_FECHA_CREACION,AUDIT_FECHA_MODIFICA) values ('33','Insertar','B','7','actionInsert',null,'ui-button-add','1',null,'3','2','1','admin','admin',to_timestamp('30/04/17 08:11:58,000000000 PM','DD/MM/RR HH12:MI:SSXFF AM'),to_timestamp('30/04/17 08:11:58,000000000 PM','DD/MM/RR HH12:MI:SSXFF AM'));
Insert into GEN_MENU (MENU_ID,NOMBRE,TIPO,MENU_PADRE,URL,COMMAND,ICON,AJAX,UPDATED,NIVEL,ORDEN,ACTIVO,AUDIT_USUARIO_CREACION,AUDIT_USUARIO_MODIFICA,AUDIT_FECHA_CREACION,AUDIT_FECHA_MODIFICA) values ('34','Ver','B','7','actionView',null,'ui-button-view','1',null,'3','3','1','admin','admin',to_timestamp('30/04/17 08:12:07,000000000 PM','DD/MM/RR HH12:MI:SSXFF AM'),to_timestamp('30/04/17 08:12:07,000000000 PM','DD/MM/RR HH12:MI:SSXFF AM'));
Insert into GEN_MENU (MENU_ID,NOMBRE,TIPO,MENU_PADRE,URL,COMMAND,ICON,AJAX,UPDATED,NIVEL,ORDEN,ACTIVO,AUDIT_USUARIO_CREACION,AUDIT_USUARIO_MODIFICA,AUDIT_FECHA_CREACION,AUDIT_FECHA_MODIFICA) values ('35','Editar','B','7','actionUpdate',null,'ui-button-edit','1',null,'3','4','1','admin','admin',to_timestamp('30/04/17 08:12:37,000000000 PM','DD/MM/RR HH12:MI:SSXFF AM'),to_timestamp('30/04/17 08:12:37,000000000 PM','DD/MM/RR HH12:MI:SSXFF AM'));
Insert into GEN_MENU (MENU_ID,NOMBRE,TIPO,MENU_PADRE,URL,COMMAND,ICON,AJAX,UPDATED,NIVEL,ORDEN,ACTIVO,AUDIT_USUARIO_CREACION,AUDIT_USUARIO_MODIFICA,AUDIT_FECHA_CREACION,AUDIT_FECHA_MODIFICA) values ('36','Eliminar','B','7','actionDelete',null,'ui-button-delete','1',null,'3','5','1','admin','admin',to_timestamp('30/04/17 08:12:43,000000000 PM','DD/MM/RR HH12:MI:SSXFF AM'),to_timestamp('30/04/17 08:12:43,000000000 PM','DD/MM/RR HH12:MI:SSXFF AM'));
Insert into GEN_MENU (MENU_ID,NOMBRE,TIPO,MENU_PADRE,URL,COMMAND,ICON,AJAX,UPDATED,NIVEL,ORDEN,ACTIVO,AUDIT_USUARIO_CREACION,AUDIT_USUARIO_MODIFICA,AUDIT_FECHA_CREACION,AUDIT_FECHA_MODIFICA) values ('37','Guia de Usuario','I','2','/content/help/guia/guiaMain.xhtml',' ','ui-button-item','1',' ','2','1','1','admin','admin',to_timestamp('30/04/17 08:14:06,000000000 PM','DD/MM/RR HH12:MI:SSXFF AM'),to_timestamp('02/05/17 11:25:14,000000000 AM','DD/MM/RR HH12:MI:SSXFF AM'));
Insert into GEN_MENU (MENU_ID,NOMBRE,TIPO,MENU_PADRE,URL,COMMAND,ICON,AJAX,UPDATED,NIVEL,ORDEN,ACTIVO,AUDIT_USUARIO_CREACION,AUDIT_USUARIO_MODIFICA,AUDIT_FECHA_CREACION,AUDIT_FECHA_MODIFICA) values ('38','Administrar Guias','I','2','/content/help/admin/adminMain.xhtml',' ','ui-button-item','1',' ','2','2','1','admin','admin',to_timestamp('30/04/17 08:14:42,000000000 PM','DD/MM/RR HH12:MI:SSXFF AM'),to_timestamp('02/05/17 11:25:29,000000000 AM','DD/MM/RR HH12:MI:SSXFF AM'));
Insert into GEN_MENU (MENU_ID,NOMBRE,TIPO,MENU_PADRE,URL,COMMAND,ICON,AJAX,UPDATED,NIVEL,ORDEN,ACTIVO,AUDIT_USUARIO_CREACION,AUDIT_USUARIO_MODIFICA,AUDIT_FECHA_CREACION,AUDIT_FECHA_MODIFICA) values ('39','Ver','B','37','actionView',null,'ui-button-view','1',null,'3','1','1','admin','admin',to_timestamp('30/04/17 08:15:03,000000000 PM','DD/MM/RR HH12:MI:SSXFF AM'),to_timestamp('30/04/17 08:15:03,000000000 PM','DD/MM/RR HH12:MI:SSXFF AM'));
Insert into GEN_MENU (MENU_ID,NOMBRE,TIPO,MENU_PADRE,URL,COMMAND,ICON,AJAX,UPDATED,NIVEL,ORDEN,ACTIVO,AUDIT_USUARIO_CREACION,AUDIT_USUARIO_MODIFICA,AUDIT_FECHA_CREACION,AUDIT_FECHA_MODIFICA) values ('40','Descargar Archivo','B','37','actionDownload',null,'ui-button-download','1',null,'3','2','1','admin','admin',to_timestamp('30/04/17 08:15:12,000000000 PM','DD/MM/RR HH12:MI:SSXFF AM'),to_timestamp('30/04/17 08:15:12,000000000 PM','DD/MM/RR HH12:MI:SSXFF AM'));
Insert into GEN_MENU (MENU_ID,NOMBRE,TIPO,MENU_PADRE,URL,COMMAND,ICON,AJAX,UPDATED,NIVEL,ORDEN,ACTIVO,AUDIT_USUARIO_CREACION,AUDIT_USUARIO_MODIFICA,AUDIT_FECHA_CREACION,AUDIT_FECHA_MODIFICA) values ('41','Insertar','B','38','actionInsert',null,'ui-button-add','1',null,'3','1','1','admin','admin',to_timestamp('30/04/17 08:15:24,000000000 PM','DD/MM/RR HH12:MI:SSXFF AM'),to_timestamp('30/04/17 08:15:24,000000000 PM','DD/MM/RR HH12:MI:SSXFF AM'));
Insert into GEN_MENU (MENU_ID,NOMBRE,TIPO,MENU_PADRE,URL,COMMAND,ICON,AJAX,UPDATED,NIVEL,ORDEN,ACTIVO,AUDIT_USUARIO_CREACION,AUDIT_USUARIO_MODIFICA,AUDIT_FECHA_CREACION,AUDIT_FECHA_MODIFICA) values ('42','Buscar','B','38','actionSearch',null,'ui-button-search','1',null,'3','2','1','admin','admin',to_timestamp('30/04/17 08:15:46,000000000 PM','DD/MM/RR HH12:MI:SSXFF AM'),to_timestamp('30/04/17 08:15:46,000000000 PM','DD/MM/RR HH12:MI:SSXFF AM'));
Insert into GEN_MENU (MENU_ID,NOMBRE,TIPO,MENU_PADRE,URL,COMMAND,ICON,AJAX,UPDATED,NIVEL,ORDEN,ACTIVO,AUDIT_USUARIO_CREACION,AUDIT_USUARIO_MODIFICA,AUDIT_FECHA_CREACION,AUDIT_FECHA_MODIFICA) values ('43','Ver','B','38','actionView',null,'ui-button-view','1',null,'3','3','1','admin','admin',to_timestamp('30/04/17 08:15:57,000000000 PM','DD/MM/RR HH12:MI:SSXFF AM'),to_timestamp('30/04/17 08:15:57,000000000 PM','DD/MM/RR HH12:MI:SSXFF AM'));
Insert into GEN_MENU (MENU_ID,NOMBRE,TIPO,MENU_PADRE,URL,COMMAND,ICON,AJAX,UPDATED,NIVEL,ORDEN,ACTIVO,AUDIT_USUARIO_CREACION,AUDIT_USUARIO_MODIFICA,AUDIT_FECHA_CREACION,AUDIT_FECHA_MODIFICA) values ('44','Editar','B','38','actionUpdate',null,'ui-button-edit','1',null,'3','4','1','admin','admin',to_timestamp('30/04/17 08:16:04,000000000 PM','DD/MM/RR HH12:MI:SSXFF AM'),to_timestamp('30/04/17 08:16:04,000000000 PM','DD/MM/RR HH12:MI:SSXFF AM'));
Insert into GEN_MENU (MENU_ID,NOMBRE,TIPO,MENU_PADRE,URL,COMMAND,ICON,AJAX,UPDATED,NIVEL,ORDEN,ACTIVO,AUDIT_USUARIO_CREACION,AUDIT_USUARIO_MODIFICA,AUDIT_FECHA_CREACION,AUDIT_FECHA_MODIFICA) values ('45','Eliminar','B','38','actionDelete',null,'ui-button-delete','1',null,'3','5','1','admin','admin',to_timestamp('30/04/17 08:16:10,000000000 PM','DD/MM/RR HH12:MI:SSXFF AM'),to_timestamp('30/04/17 08:16:10,000000000 PM','DD/MM/RR HH12:MI:SSXFF AM'));
Insert into GEN_MENU (MENU_ID,NOMBRE,TIPO,MENU_PADRE,URL,COMMAND,ICON,AJAX,UPDATED,NIVEL,ORDEN,ACTIVO,AUDIT_USUARIO_CREACION,AUDIT_USUARIO_MODIFICA,AUDIT_FECHA_CREACION,AUDIT_FECHA_MODIFICA) values ('46','Descargar Archivo','B','38','actionDownload',null,'ui-button-download','1',null,'3','7','1','dyurivilca','dyurivilca',to_timestamp('02/05/17 03:20:29,000000000 PM','DD/MM/RR HH12:MI:SSXFF AM'),to_timestamp('28/07/22 09:33:08,000000000 PM','DD/MM/RR HH12:MI:SSXFF AM'));
Insert into GEN_MENU (MENU_ID,NOMBRE,TIPO,MENU_PADRE,URL,COMMAND,ICON,AJAX,UPDATED,NIVEL,ORDEN,ACTIVO,AUDIT_USUARIO_CREACION,AUDIT_USUARIO_MODIFICA,AUDIT_FECHA_CREACION,AUDIT_FECHA_MODIFICA) values ('47','Subir Archivo','B','38','actionUpload',null,'ui-button-upload','1',null,'3','6','1','dyurivilca','dyurivilca',to_timestamp('02/05/17 03:20:37,000000000 PM','DD/MM/RR HH12:MI:SSXFF AM'),to_timestamp('28/07/22 09:33:08,000000000 PM','DD/MM/RR HH12:MI:SSXFF AM'));
Insert into GEN_MENU (MENU_ID,NOMBRE,TIPO,MENU_PADRE,URL,COMMAND,ICON,AJAX,UPDATED,NIVEL,ORDEN,ACTIVO,AUDIT_USUARIO_CREACION,AUDIT_USUARIO_MODIFICA,AUDIT_FECHA_CREACION,AUDIT_FECHA_MODIFICA) values ('48','Cambiar Clave','I','1','/content/seguridad/change/changeMain.xhtml',' ','ui-button-item','1',' ','2','6','1','super','super',to_timestamp('02/05/17 07:06:07,000000000 PM','DD/MM/RR HH12:MI:SSXFF AM'),to_timestamp('02/05/17 07:06:31,000000000 PM','DD/MM/RR HH12:MI:SSXFF AM'));
Insert into GEN_MENU (MENU_ID,NOMBRE,TIPO,MENU_PADRE,URL,COMMAND,ICON,AJAX,UPDATED,NIVEL,ORDEN,ACTIVO,AUDIT_USUARIO_CREACION,AUDIT_USUARIO_MODIFICA,AUDIT_FECHA_CREACION,AUDIT_FECHA_MODIFICA) values ('49','Editar','B','48','actionUpdate',null,'ui-button-edit','1',null,'3','1','1','super','super',to_timestamp('02/05/17 07:06:43,000000000 PM','DD/MM/RR HH12:MI:SSXFF AM'),to_timestamp('02/05/17 07:06:43,000000000 PM','DD/MM/RR HH12:MI:SSXFF AM'));
Insert into GEN_MENU (MENU_ID,NOMBRE,TIPO,MENU_PADRE,URL,COMMAND,ICON,AJAX,UPDATED,NIVEL,ORDEN,ACTIVO,AUDIT_USUARIO_CREACION,AUDIT_USUARIO_MODIFICA,AUDIT_FECHA_CREACION,AUDIT_FECHA_MODIFICA) values ('50','Mantenimiento','M',null,'/content/master/index.xhtml',' ',' ','1',' ','1','4','1','super','super',to_timestamp('08/05/17 12:05:47,000000000 PM','DD/MM/RR HH12:MI:SSXFF AM'),to_timestamp('28/07/22 08:38:18,000000000 PM','DD/MM/RR HH12:MI:SSXFF AM'));
Insert into GEN_MENU (MENU_ID,NOMBRE,TIPO,MENU_PADRE,URL,COMMAND,ICON,AJAX,UPDATED,NIVEL,ORDEN,ACTIVO,AUDIT_USUARIO_CREACION,AUDIT_USUARIO_MODIFICA,AUDIT_FECHA_CREACION,AUDIT_FECHA_MODIFICA) values ('72','Buscar','B','71','actionSearch',null,'ui-button-search','1',null,'3','1','1','super','super',to_timestamp('17/09/22 10:30:06,000000000 AM','DD/MM/RR HH12:MI:SSXFF AM'),to_timestamp('17/09/22 10:30:06,000000000 AM','DD/MM/RR HH12:MI:SSXFF AM'));
Insert into GEN_MENU (MENU_ID,NOMBRE,TIPO,MENU_PADRE,URL,COMMAND,ICON,AJAX,UPDATED,NIVEL,ORDEN,ACTIVO,AUDIT_USUARIO_CREACION,AUDIT_USUARIO_MODIFICA,AUDIT_FECHA_CREACION,AUDIT_FECHA_MODIFICA) values ('73','Descargar Archivos','B','71','actionDownload',null,'ui-button-download','1',null,'3','1','1','super','super',to_timestamp('17/09/22 10:30:06,000000000 AM','DD/MM/RR HH12:MI:SSXFF AM'),to_timestamp('17/09/22 10:30:06,000000000 AM','DD/MM/RR HH12:MI:SSXFF AM'));
Insert into GEN_MENU (MENU_ID,NOMBRE,TIPO,MENU_PADRE,URL,COMMAND,ICON,AJAX,UPDATED,NIVEL,ORDEN,ACTIVO,AUDIT_USUARIO_CREACION,AUDIT_USUARIO_MODIFICA,AUDIT_FECHA_CREACION,AUDIT_FECHA_MODIFICA) values ('74','Editar','B','71','actionUpdate',null,'ui-button-edit','1',null,'3','1','1','super','super',to_timestamp('17/09/22 10:30:06,000000000 AM','DD/MM/RR HH12:MI:SSXFF AM'),to_timestamp('17/09/22 10:30:06,000000000 AM','DD/MM/RR HH12:MI:SSXFF AM'));
Insert into GEN_MENU (MENU_ID,NOMBRE,TIPO,MENU_PADRE,URL,COMMAND,ICON,AJAX,UPDATED,NIVEL,ORDEN,ACTIVO,AUDIT_USUARIO_CREACION,AUDIT_USUARIO_MODIFICA,AUDIT_FECHA_CREACION,AUDIT_FECHA_MODIFICA) values ('75','Eliminar','B','71','actionDelete',null,'ui-button-delete','1',null,'3','1','1','super','super',to_timestamp('17/09/22 10:30:06,000000000 AM','DD/MM/RR HH12:MI:SSXFF AM'),to_timestamp('17/09/22 10:30:06,000000000 AM','DD/MM/RR HH12:MI:SSXFF AM'));
Insert into GEN_MENU (MENU_ID,NOMBRE,TIPO,MENU_PADRE,URL,COMMAND,ICON,AJAX,UPDATED,NIVEL,ORDEN,ACTIVO,AUDIT_USUARIO_CREACION,AUDIT_USUARIO_MODIFICA,AUDIT_FECHA_CREACION,AUDIT_FECHA_MODIFICA) values ('76','Exportar','B','71','actionExport',null,'ui-button-export','1',null,'3','1','1','super','super',to_timestamp('17/09/22 10:30:06,000000000 AM','DD/MM/RR HH12:MI:SSXFF AM'),to_timestamp('17/09/22 10:30:06,000000000 AM','DD/MM/RR HH12:MI:SSXFF AM'));
Insert into GEN_MENU (MENU_ID,NOMBRE,TIPO,MENU_PADRE,URL,COMMAND,ICON,AJAX,UPDATED,NIVEL,ORDEN,ACTIVO,AUDIT_USUARIO_CREACION,AUDIT_USUARIO_MODIFICA,AUDIT_FECHA_CREACION,AUDIT_FECHA_MODIFICA) values ('77','Importar','B','71','actionImport',null,'ui-button-import','1',null,'3','1','1','super','super',to_timestamp('17/09/22 10:30:06,000000000 AM','DD/MM/RR HH12:MI:SSXFF AM'),to_timestamp('17/09/22 10:30:06,000000000 AM','DD/MM/RR HH12:MI:SSXFF AM'));
Insert into GEN_MENU (MENU_ID,NOMBRE,TIPO,MENU_PADRE,URL,COMMAND,ICON,AJAX,UPDATED,NIVEL,ORDEN,ACTIVO,AUDIT_USUARIO_CREACION,AUDIT_USUARIO_MODIFICA,AUDIT_FECHA_CREACION,AUDIT_FECHA_MODIFICA) values ('78','Imprimir','B','71','actionPrint',null,'ui-button-print','1',null,'3','1','1','super','super',to_timestamp('17/09/22 10:30:06,000000000 AM','DD/MM/RR HH12:MI:SSXFF AM'),to_timestamp('17/09/22 10:30:06,000000000 AM','DD/MM/RR HH12:MI:SSXFF AM'));
Insert into GEN_MENU (MENU_ID,NOMBRE,TIPO,MENU_PADRE,URL,COMMAND,ICON,AJAX,UPDATED,NIVEL,ORDEN,ACTIVO,AUDIT_USUARIO_CREACION,AUDIT_USUARIO_MODIFICA,AUDIT_FECHA_CREACION,AUDIT_FECHA_MODIFICA) values ('79','Insertar','B','71','actionInsert',null,'ui-button-add','1',null,'3','1','1','super','super',to_timestamp('17/09/22 10:30:06,000000000 AM','DD/MM/RR HH12:MI:SSXFF AM'),to_timestamp('17/09/22 10:30:06,000000000 AM','DD/MM/RR HH12:MI:SSXFF AM'));
Insert into GEN_MENU (MENU_ID,NOMBRE,TIPO,MENU_PADRE,URL,COMMAND,ICON,AJAX,UPDATED,NIVEL,ORDEN,ACTIVO,AUDIT_USUARIO_CREACION,AUDIT_USUARIO_MODIFICA,AUDIT_FECHA_CREACION,AUDIT_FECHA_MODIFICA) values ('80','Subir Archivo','B','71','actionUpload',null,'ui-button-upload','1',null,'3','1','1','super','super',to_timestamp('17/09/22 10:30:06,000000000 AM','DD/MM/RR HH12:MI:SSXFF AM'),to_timestamp('17/09/22 10:30:06,000000000 AM','DD/MM/RR HH12:MI:SSXFF AM'));
Insert into GEN_MENU (MENU_ID,NOMBRE,TIPO,MENU_PADRE,URL,COMMAND,ICON,AJAX,UPDATED,NIVEL,ORDEN,ACTIVO,AUDIT_USUARIO_CREACION,AUDIT_USUARIO_MODIFICA,AUDIT_FECHA_CREACION,AUDIT_FECHA_MODIFICA) values ('81','Ver','B','71','actionView',null,'ui-button-view','1',null,'3','1','1','super','super',to_timestamp('17/09/22 10:30:06,000000000 AM','DD/MM/RR HH12:MI:SSXFF AM'),to_timestamp('17/09/22 10:30:06,000000000 AM','DD/MM/RR HH12:MI:SSXFF AM'));
Insert into GEN_MENU (MENU_ID,NOMBRE,TIPO,MENU_PADRE,URL,COMMAND,ICON,AJAX,UPDATED,NIVEL,ORDEN,ACTIVO,AUDIT_USUARIO_CREACION,AUDIT_USUARIO_MODIFICA,AUDIT_FECHA_CREACION,AUDIT_FECHA_MODIFICA) values ('82','Tipo de evidencia','I','50','/content/master/tipoEvidencia/tipoEvidenciaMain.xhtml',null,null,'0',null,'2','3','1','super','super',to_timestamp('24/09/22 09:35:53,000000000 AM','DD/MM/RR HH12:MI:SSXFF AM'),to_timestamp('24/09/22 09:35:53,000000000 AM','DD/MM/RR HH12:MI:SSXFF AM'));
Insert into GEN_MENU (MENU_ID,NOMBRE,TIPO,MENU_PADRE,URL,COMMAND,ICON,AJAX,UPDATED,NIVEL,ORDEN,ACTIVO,AUDIT_USUARIO_CREACION,AUDIT_USUARIO_MODIFICA,AUDIT_FECHA_CREACION,AUDIT_FECHA_MODIFICA) values ('83','Buscar','B','82','actionSearch',null,'ui-button-search','1',null,'3','1','1','super','super',to_timestamp('24/09/22 09:36:32,000000000 AM','DD/MM/RR HH12:MI:SSXFF AM'),to_timestamp('24/09/22 09:36:32,000000000 AM','DD/MM/RR HH12:MI:SSXFF AM'));
Insert into GEN_MENU (MENU_ID,NOMBRE,TIPO,MENU_PADRE,URL,COMMAND,ICON,AJAX,UPDATED,NIVEL,ORDEN,ACTIVO,AUDIT_USUARIO_CREACION,AUDIT_USUARIO_MODIFICA,AUDIT_FECHA_CREACION,AUDIT_FECHA_MODIFICA) values ('84','Editar','B','82','actionUpdate',null,'ui-button-edit','1',null,'3','1','1','super','super',to_timestamp('24/09/22 09:36:32,000000000 AM','DD/MM/RR HH12:MI:SSXFF AM'),to_timestamp('24/09/22 09:36:32,000000000 AM','DD/MM/RR HH12:MI:SSXFF AM'));
Insert into GEN_MENU (MENU_ID,NOMBRE,TIPO,MENU_PADRE,URL,COMMAND,ICON,AJAX,UPDATED,NIVEL,ORDEN,ACTIVO,AUDIT_USUARIO_CREACION,AUDIT_USUARIO_MODIFICA,AUDIT_FECHA_CREACION,AUDIT_FECHA_MODIFICA) values ('85','Eliminar','B','82','actionDelete',null,'ui-button-delete','1',null,'3','1','1','super','super',to_timestamp('24/09/22 09:36:32,000000000 AM','DD/MM/RR HH12:MI:SSXFF AM'),to_timestamp('24/09/22 09:36:32,000000000 AM','DD/MM/RR HH12:MI:SSXFF AM'));
Insert into GEN_MENU (MENU_ID,NOMBRE,TIPO,MENU_PADRE,URL,COMMAND,ICON,AJAX,UPDATED,NIVEL,ORDEN,ACTIVO,AUDIT_USUARIO_CREACION,AUDIT_USUARIO_MODIFICA,AUDIT_FECHA_CREACION,AUDIT_FECHA_MODIFICA) values ('86','Insertar','B','82','actionInsert',null,'ui-button-add','1',null,'3','1','1','super','super',to_timestamp('24/09/22 09:36:32,000000000 AM','DD/MM/RR HH12:MI:SSXFF AM'),to_timestamp('24/09/22 09:36:32,000000000 AM','DD/MM/RR HH12:MI:SSXFF AM'));
Insert into GEN_MENU (MENU_ID,NOMBRE,TIPO,MENU_PADRE,URL,COMMAND,ICON,AJAX,UPDATED,NIVEL,ORDEN,ACTIVO,AUDIT_USUARIO_CREACION,AUDIT_USUARIO_MODIFICA,AUDIT_FECHA_CREACION,AUDIT_FECHA_MODIFICA) values ('87','Permiso','I','69','/content/gestion/permiso/permisoMain.xhtml',null,null,'0',null,'2','2','1','super','super',to_timestamp('28/09/22 11:25:25,000000000 PM','DD/MM/RR HH12:MI:SSXFF AM'),to_timestamp('28/09/22 11:25:25,000000000 PM','DD/MM/RR HH12:MI:SSXFF AM'));
Insert into GEN_MENU (MENU_ID,NOMBRE,TIPO,MENU_PADRE,URL,COMMAND,ICON,AJAX,UPDATED,NIVEL,ORDEN,ACTIVO,AUDIT_USUARIO_CREACION,AUDIT_USUARIO_MODIFICA,AUDIT_FECHA_CREACION,AUDIT_FECHA_MODIFICA) values ('88','Buscar','B','70','actionSearch',null,'ui-button-search','1',null,'3','1','1','super','super',to_timestamp('28/09/22 11:26:10,000000000 PM','DD/MM/RR HH12:MI:SSXFF AM'),to_timestamp('28/09/22 11:26:10,000000000 PM','DD/MM/RR HH12:MI:SSXFF AM'));
Insert into GEN_MENU (MENU_ID,NOMBRE,TIPO,MENU_PADRE,URL,COMMAND,ICON,AJAX,UPDATED,NIVEL,ORDEN,ACTIVO,AUDIT_USUARIO_CREACION,AUDIT_USUARIO_MODIFICA,AUDIT_FECHA_CREACION,AUDIT_FECHA_MODIFICA) values ('89','Descargar Archivos','B','70','actionDownload',null,'ui-button-download','1',null,'3','1','1','super','super',to_timestamp('28/09/22 11:26:10,000000000 PM','DD/MM/RR HH12:MI:SSXFF AM'),to_timestamp('28/09/22 11:26:10,000000000 PM','DD/MM/RR HH12:MI:SSXFF AM'));
Insert into GEN_MENU (MENU_ID,NOMBRE,TIPO,MENU_PADRE,URL,COMMAND,ICON,AJAX,UPDATED,NIVEL,ORDEN,ACTIVO,AUDIT_USUARIO_CREACION,AUDIT_USUARIO_MODIFICA,AUDIT_FECHA_CREACION,AUDIT_FECHA_MODIFICA) values ('90','Editar','B','70','actionUpdate',null,'ui-button-edit','1',null,'3','1','1','super','super',to_timestamp('28/09/22 11:26:10,000000000 PM','DD/MM/RR HH12:MI:SSXFF AM'),to_timestamp('28/09/22 11:26:10,000000000 PM','DD/MM/RR HH12:MI:SSXFF AM'));
Insert into GEN_MENU (MENU_ID,NOMBRE,TIPO,MENU_PADRE,URL,COMMAND,ICON,AJAX,UPDATED,NIVEL,ORDEN,ACTIVO,AUDIT_USUARIO_CREACION,AUDIT_USUARIO_MODIFICA,AUDIT_FECHA_CREACION,AUDIT_FECHA_MODIFICA) values ('91','Eliminar','B','70','actionDelete',null,'ui-button-delete','1',null,'3','1','1','super','super',to_timestamp('28/09/22 11:26:10,000000000 PM','DD/MM/RR HH12:MI:SSXFF AM'),to_timestamp('28/09/22 11:26:10,000000000 PM','DD/MM/RR HH12:MI:SSXFF AM'));
Insert into GEN_MENU (MENU_ID,NOMBRE,TIPO,MENU_PADRE,URL,COMMAND,ICON,AJAX,UPDATED,NIVEL,ORDEN,ACTIVO,AUDIT_USUARIO_CREACION,AUDIT_USUARIO_MODIFICA,AUDIT_FECHA_CREACION,AUDIT_FECHA_MODIFICA) values ('92','Exportar','B','70','actionExport',null,'ui-button-export','1',null,'3','1','1','super','super',to_timestamp('28/09/22 11:26:10,000000000 PM','DD/MM/RR HH12:MI:SSXFF AM'),to_timestamp('28/09/22 11:26:10,000000000 PM','DD/MM/RR HH12:MI:SSXFF AM'));
Insert into GEN_MENU (MENU_ID,NOMBRE,TIPO,MENU_PADRE,URL,COMMAND,ICON,AJAX,UPDATED,NIVEL,ORDEN,ACTIVO,AUDIT_USUARIO_CREACION,AUDIT_USUARIO_MODIFICA,AUDIT_FECHA_CREACION,AUDIT_FECHA_MODIFICA) values ('93','Importar','B','70','actionImport',null,'ui-button-import','1',null,'3','1','1','super','super',to_timestamp('28/09/22 11:26:10,000000000 PM','DD/MM/RR HH12:MI:SSXFF AM'),to_timestamp('28/09/22 11:26:10,000000000 PM','DD/MM/RR HH12:MI:SSXFF AM'));
Insert into GEN_MENU (MENU_ID,NOMBRE,TIPO,MENU_PADRE,URL,COMMAND,ICON,AJAX,UPDATED,NIVEL,ORDEN,ACTIVO,AUDIT_USUARIO_CREACION,AUDIT_USUARIO_MODIFICA,AUDIT_FECHA_CREACION,AUDIT_FECHA_MODIFICA) values ('94','Imprimir','B','70','actionPrint',null,'ui-button-print','1',null,'3','1','1','super','super',to_timestamp('28/09/22 11:26:10,000000000 PM','DD/MM/RR HH12:MI:SSXFF AM'),to_timestamp('28/09/22 11:26:10,000000000 PM','DD/MM/RR HH12:MI:SSXFF AM'));
Insert into GEN_MENU (MENU_ID,NOMBRE,TIPO,MENU_PADRE,URL,COMMAND,ICON,AJAX,UPDATED,NIVEL,ORDEN,ACTIVO,AUDIT_USUARIO_CREACION,AUDIT_USUARIO_MODIFICA,AUDIT_FECHA_CREACION,AUDIT_FECHA_MODIFICA) values ('95','Insertar','B','70','actionInsert',null,'ui-button-add','1',null,'3','1','1','super','super',to_timestamp('28/09/22 11:26:10,000000000 PM','DD/MM/RR HH12:MI:SSXFF AM'),to_timestamp('28/09/22 11:26:10,000000000 PM','DD/MM/RR HH12:MI:SSXFF AM'));
Insert into GEN_MENU (MENU_ID,NOMBRE,TIPO,MENU_PADRE,URL,COMMAND,ICON,AJAX,UPDATED,NIVEL,ORDEN,ACTIVO,AUDIT_USUARIO_CREACION,AUDIT_USUARIO_MODIFICA,AUDIT_FECHA_CREACION,AUDIT_FECHA_MODIFICA) values ('96','Subir Archivo','B','70','actionUpload',null,'ui-button-upload','1',null,'3','1','1','super','super',to_timestamp('28/09/22 11:26:10,000000000 PM','DD/MM/RR HH12:MI:SSXFF AM'),to_timestamp('28/09/22 11:26:10,000000000 PM','DD/MM/RR HH12:MI:SSXFF AM'));
Insert into GEN_MENU (MENU_ID,NOMBRE,TIPO,MENU_PADRE,URL,COMMAND,ICON,AJAX,UPDATED,NIVEL,ORDEN,ACTIVO,AUDIT_USUARIO_CREACION,AUDIT_USUARIO_MODIFICA,AUDIT_FECHA_CREACION,AUDIT_FECHA_MODIFICA) values ('97','Ver','B','70','actionView',null,'ui-button-view','1',null,'3','1','1','super','super',to_timestamp('28/09/22 11:26:10,000000000 PM','DD/MM/RR HH12:MI:SSXFF AM'),to_timestamp('28/09/22 11:26:10,000000000 PM','DD/MM/RR HH12:MI:SSXFF AM'));
Insert into GEN_MENU (MENU_ID,NOMBRE,TIPO,MENU_PADRE,URL,COMMAND,ICON,AJAX,UPDATED,NIVEL,ORDEN,ACTIVO,AUDIT_USUARIO_CREACION,AUDIT_USUARIO_MODIFICA,AUDIT_FECHA_CREACION,AUDIT_FECHA_MODIFICA) values ('98','Buscar','B','87','actionSearch',null,'ui-button-search','1',null,'3','1','1','super','super',to_timestamp('28/09/22 11:26:33,000000000 PM','DD/MM/RR HH12:MI:SSXFF AM'),to_timestamp('28/09/22 11:26:33,000000000 PM','DD/MM/RR HH12:MI:SSXFF AM'));
Insert into GEN_MENU (MENU_ID,NOMBRE,TIPO,MENU_PADRE,URL,COMMAND,ICON,AJAX,UPDATED,NIVEL,ORDEN,ACTIVO,AUDIT_USUARIO_CREACION,AUDIT_USUARIO_MODIFICA,AUDIT_FECHA_CREACION,AUDIT_FECHA_MODIFICA) values ('99','Descargar Archivos','B','87','actionDownload',null,'ui-button-download','1',null,'3','1','1','super','super',to_timestamp('28/09/22 11:26:33,000000000 PM','DD/MM/RR HH12:MI:SSXFF AM'),to_timestamp('28/09/22 11:26:33,000000000 PM','DD/MM/RR HH12:MI:SSXFF AM'));
Insert into GEN_MENU (MENU_ID,NOMBRE,TIPO,MENU_PADRE,URL,COMMAND,ICON,AJAX,UPDATED,NIVEL,ORDEN,ACTIVO,AUDIT_USUARIO_CREACION,AUDIT_USUARIO_MODIFICA,AUDIT_FECHA_CREACION,AUDIT_FECHA_MODIFICA) values ('100','Editar','B','87','actionUpdate',null,'ui-button-edit','1',null,'3','1','1','super','super',to_timestamp('28/09/22 11:26:33,000000000 PM','DD/MM/RR HH12:MI:SSXFF AM'),to_timestamp('28/09/22 11:26:33,000000000 PM','DD/MM/RR HH12:MI:SSXFF AM'));
Insert into GEN_MENU (MENU_ID,NOMBRE,TIPO,MENU_PADRE,URL,COMMAND,ICON,AJAX,UPDATED,NIVEL,ORDEN,ACTIVO,AUDIT_USUARIO_CREACION,AUDIT_USUARIO_MODIFICA,AUDIT_FECHA_CREACION,AUDIT_FECHA_MODIFICA) values ('101','Eliminar','B','87','actionDelete',null,'ui-button-delete','1',null,'3','1','1','super','super',to_timestamp('28/09/22 11:26:33,000000000 PM','DD/MM/RR HH12:MI:SSXFF AM'),to_timestamp('28/09/22 11:26:33,000000000 PM','DD/MM/RR HH12:MI:SSXFF AM'));
Insert into GEN_MENU (MENU_ID,NOMBRE,TIPO,MENU_PADRE,URL,COMMAND,ICON,AJAX,UPDATED,NIVEL,ORDEN,ACTIVO,AUDIT_USUARIO_CREACION,AUDIT_USUARIO_MODIFICA,AUDIT_FECHA_CREACION,AUDIT_FECHA_MODIFICA) values ('102','Exportar','B','87','actionExport',null,'ui-button-export','1',null,'3','1','1','super','super',to_timestamp('28/09/22 11:26:34,000000000 PM','DD/MM/RR HH12:MI:SSXFF AM'),to_timestamp('28/09/22 11:26:34,000000000 PM','DD/MM/RR HH12:MI:SSXFF AM'));
Insert into GEN_MENU (MENU_ID,NOMBRE,TIPO,MENU_PADRE,URL,COMMAND,ICON,AJAX,UPDATED,NIVEL,ORDEN,ACTIVO,AUDIT_USUARIO_CREACION,AUDIT_USUARIO_MODIFICA,AUDIT_FECHA_CREACION,AUDIT_FECHA_MODIFICA) values ('103','Importar','B','87','actionImport',null,'ui-button-import','1',null,'3','1','1','super','super',to_timestamp('28/09/22 11:26:34,000000000 PM','DD/MM/RR HH12:MI:SSXFF AM'),to_timestamp('28/09/22 11:26:34,000000000 PM','DD/MM/RR HH12:MI:SSXFF AM'));
Insert into GEN_MENU (MENU_ID,NOMBRE,TIPO,MENU_PADRE,URL,COMMAND,ICON,AJAX,UPDATED,NIVEL,ORDEN,ACTIVO,AUDIT_USUARIO_CREACION,AUDIT_USUARIO_MODIFICA,AUDIT_FECHA_CREACION,AUDIT_FECHA_MODIFICA) values ('104','Imprimir','B','87','actionPrint',null,'ui-button-print','1',null,'3','1','1','super','super',to_timestamp('28/09/22 11:26:34,000000000 PM','DD/MM/RR HH12:MI:SSXFF AM'),to_timestamp('28/09/22 11:26:34,000000000 PM','DD/MM/RR HH12:MI:SSXFF AM'));
Insert into GEN_MENU (MENU_ID,NOMBRE,TIPO,MENU_PADRE,URL,COMMAND,ICON,AJAX,UPDATED,NIVEL,ORDEN,ACTIVO,AUDIT_USUARIO_CREACION,AUDIT_USUARIO_MODIFICA,AUDIT_FECHA_CREACION,AUDIT_FECHA_MODIFICA) values ('105','Insertar','B','87','actionInsert',null,'ui-button-add','1',null,'3','1','1','super','super',to_timestamp('28/09/22 11:26:34,000000000 PM','DD/MM/RR HH12:MI:SSXFF AM'),to_timestamp('28/09/22 11:26:34,000000000 PM','DD/MM/RR HH12:MI:SSXFF AM'));
Insert into GEN_MENU (MENU_ID,NOMBRE,TIPO,MENU_PADRE,URL,COMMAND,ICON,AJAX,UPDATED,NIVEL,ORDEN,ACTIVO,AUDIT_USUARIO_CREACION,AUDIT_USUARIO_MODIFICA,AUDIT_FECHA_CREACION,AUDIT_FECHA_MODIFICA) values ('106','Subir Archivo','B','87','actionUpload',null,'ui-button-upload','1',null,'3','1','1','super','super',to_timestamp('28/09/22 11:26:34,000000000 PM','DD/MM/RR HH12:MI:SSXFF AM'),to_timestamp('28/09/22 11:26:34,000000000 PM','DD/MM/RR HH12:MI:SSXFF AM'));
Insert into GEN_MENU (MENU_ID,NOMBRE,TIPO,MENU_PADRE,URL,COMMAND,ICON,AJAX,UPDATED,NIVEL,ORDEN,ACTIVO,AUDIT_USUARIO_CREACION,AUDIT_USUARIO_MODIFICA,AUDIT_FECHA_CREACION,AUDIT_FECHA_MODIFICA) values ('107','Ver','B','87','actionView',null,'ui-button-view','1',null,'3','1','1','super','super',to_timestamp('28/09/22 11:26:34,000000000 PM','DD/MM/RR HH12:MI:SSXFF AM'),to_timestamp('28/09/22 11:26:34,000000000 PM','DD/MM/RR HH12:MI:SSXFF AM'));
Insert into GEN_MENU (MENU_ID,NOMBRE,TIPO,MENU_PADRE,URL,COMMAND,ICON,AJAX,UPDATED,NIVEL,ORDEN,ACTIVO,AUDIT_USUARIO_CREACION,AUDIT_USUARIO_MODIFICA,AUDIT_FECHA_CREACION,AUDIT_FECHA_MODIFICA) values ('108','Avance','I','69','/content/gestion/avance/avanceMain.xhtml',null,null,'0',null,'2','3','1','super','super',to_timestamp('28/09/22 11:31:37,000000000 PM','DD/MM/RR HH12:MI:SSXFF AM'),to_timestamp('28/09/22 11:31:37,000000000 PM','DD/MM/RR HH12:MI:SSXFF AM'));
Insert into GEN_MENU (MENU_ID,NOMBRE,TIPO,MENU_PADRE,URL,COMMAND,ICON,AJAX,UPDATED,NIVEL,ORDEN,ACTIVO,AUDIT_USUARIO_CREACION,AUDIT_USUARIO_MODIFICA,AUDIT_FECHA_CREACION,AUDIT_FECHA_MODIFICA) values ('109','Buscar','B','108','actionSearch',null,'ui-button-search','1',null,'3','1','1','super','super',to_timestamp('28/09/22 11:32:01,000000000 PM','DD/MM/RR HH12:MI:SSXFF AM'),to_timestamp('28/09/22 11:32:01,000000000 PM','DD/MM/RR HH12:MI:SSXFF AM'));
Insert into GEN_MENU (MENU_ID,NOMBRE,TIPO,MENU_PADRE,URL,COMMAND,ICON,AJAX,UPDATED,NIVEL,ORDEN,ACTIVO,AUDIT_USUARIO_CREACION,AUDIT_USUARIO_MODIFICA,AUDIT_FECHA_CREACION,AUDIT_FECHA_MODIFICA) values ('110','Descargar Archivos','B','108','actionDownload',null,'ui-button-download','1',null,'3','1','1','super','super',to_timestamp('28/09/22 11:32:01,000000000 PM','DD/MM/RR HH12:MI:SSXFF AM'),to_timestamp('28/09/22 11:32:01,000000000 PM','DD/MM/RR HH12:MI:SSXFF AM'));
Insert into GEN_MENU (MENU_ID,NOMBRE,TIPO,MENU_PADRE,URL,COMMAND,ICON,AJAX,UPDATED,NIVEL,ORDEN,ACTIVO,AUDIT_USUARIO_CREACION,AUDIT_USUARIO_MODIFICA,AUDIT_FECHA_CREACION,AUDIT_FECHA_MODIFICA) values ('111','Editar','B','108','actionUpdate',null,'ui-button-edit','1',null,'3','1','1','super','super',to_timestamp('28/09/22 11:32:01,000000000 PM','DD/MM/RR HH12:MI:SSXFF AM'),to_timestamp('28/09/22 11:32:01,000000000 PM','DD/MM/RR HH12:MI:SSXFF AM'));
Insert into GEN_MENU (MENU_ID,NOMBRE,TIPO,MENU_PADRE,URL,COMMAND,ICON,AJAX,UPDATED,NIVEL,ORDEN,ACTIVO,AUDIT_USUARIO_CREACION,AUDIT_USUARIO_MODIFICA,AUDIT_FECHA_CREACION,AUDIT_FECHA_MODIFICA) values ('112','Eliminar','B','108','actionDelete',null,'ui-button-delete','1',null,'3','1','1','super','super',to_timestamp('28/09/22 11:32:01,000000000 PM','DD/MM/RR HH12:MI:SSXFF AM'),to_timestamp('28/09/22 11:32:01,000000000 PM','DD/MM/RR HH12:MI:SSXFF AM'));
Insert into GEN_MENU (MENU_ID,NOMBRE,TIPO,MENU_PADRE,URL,COMMAND,ICON,AJAX,UPDATED,NIVEL,ORDEN,ACTIVO,AUDIT_USUARIO_CREACION,AUDIT_USUARIO_MODIFICA,AUDIT_FECHA_CREACION,AUDIT_FECHA_MODIFICA) values ('113','Exportar','B','108','actionExport',null,'ui-button-export','1',null,'3','1','1','super','super',to_timestamp('28/09/22 11:32:01,000000000 PM','DD/MM/RR HH12:MI:SSXFF AM'),to_timestamp('28/09/22 11:32:01,000000000 PM','DD/MM/RR HH12:MI:SSXFF AM'));
Insert into GEN_MENU (MENU_ID,NOMBRE,TIPO,MENU_PADRE,URL,COMMAND,ICON,AJAX,UPDATED,NIVEL,ORDEN,ACTIVO,AUDIT_USUARIO_CREACION,AUDIT_USUARIO_MODIFICA,AUDIT_FECHA_CREACION,AUDIT_FECHA_MODIFICA) values ('114','Importar','B','108','actionImport',null,'ui-button-import','1',null,'3','1','1','super','super',to_timestamp('28/09/22 11:32:01,000000000 PM','DD/MM/RR HH12:MI:SSXFF AM'),to_timestamp('28/09/22 11:32:01,000000000 PM','DD/MM/RR HH12:MI:SSXFF AM'));
Insert into GEN_MENU (MENU_ID,NOMBRE,TIPO,MENU_PADRE,URL,COMMAND,ICON,AJAX,UPDATED,NIVEL,ORDEN,ACTIVO,AUDIT_USUARIO_CREACION,AUDIT_USUARIO_MODIFICA,AUDIT_FECHA_CREACION,AUDIT_FECHA_MODIFICA) values ('115','Imprimir','B','108','actionPrint',null,'ui-button-print','1',null,'3','1','1','super','super',to_timestamp('28/09/22 11:32:01,000000000 PM','DD/MM/RR HH12:MI:SSXFF AM'),to_timestamp('28/09/22 11:32:01,000000000 PM','DD/MM/RR HH12:MI:SSXFF AM'));
Insert into GEN_MENU (MENU_ID,NOMBRE,TIPO,MENU_PADRE,URL,COMMAND,ICON,AJAX,UPDATED,NIVEL,ORDEN,ACTIVO,AUDIT_USUARIO_CREACION,AUDIT_USUARIO_MODIFICA,AUDIT_FECHA_CREACION,AUDIT_FECHA_MODIFICA) values ('116','Insertar','B','108','actionInsert',null,'ui-button-add','1',null,'3','1','1','super','super',to_timestamp('28/09/22 11:32:01,000000000 PM','DD/MM/RR HH12:MI:SSXFF AM'),to_timestamp('28/09/22 11:32:01,000000000 PM','DD/MM/RR HH12:MI:SSXFF AM'));
Insert into GEN_MENU (MENU_ID,NOMBRE,TIPO,MENU_PADRE,URL,COMMAND,ICON,AJAX,UPDATED,NIVEL,ORDEN,ACTIVO,AUDIT_USUARIO_CREACION,AUDIT_USUARIO_MODIFICA,AUDIT_FECHA_CREACION,AUDIT_FECHA_MODIFICA) values ('117','Subir Archivo','B','108','actionUpload',null,'ui-button-upload','1',null,'3','1','1','super','super',to_timestamp('28/09/22 11:32:01,000000000 PM','DD/MM/RR HH12:MI:SSXFF AM'),to_timestamp('28/09/22 11:32:01,000000000 PM','DD/MM/RR HH12:MI:SSXFF AM'));
Insert into GEN_MENU (MENU_ID,NOMBRE,TIPO,MENU_PADRE,URL,COMMAND,ICON,AJAX,UPDATED,NIVEL,ORDEN,ACTIVO,AUDIT_USUARIO_CREACION,AUDIT_USUARIO_MODIFICA,AUDIT_FECHA_CREACION,AUDIT_FECHA_MODIFICA) values ('118','Ver','B','108','actionView',null,'ui-button-view','1',null,'3','1','1','super','super',to_timestamp('28/09/22 11:32:01,000000000 PM','DD/MM/RR HH12:MI:SSXFF AM'),to_timestamp('28/09/22 11:32:01,000000000 PM','DD/MM/RR HH12:MI:SSXFF AM'));
Insert into GEN_MENU (MENU_ID,NOMBRE,TIPO,MENU_PADRE,URL,COMMAND,ICON,AJAX,UPDATED,NIVEL,ORDEN,ACTIVO,AUDIT_USUARIO_CREACION,AUDIT_USUARIO_MODIFICA,AUDIT_FECHA_CREACION,AUDIT_FECHA_MODIFICA) values ('69','Gestin','M',null,'/content/gestion/index.xhtml',null,null,'0',null,'1','1','1','super','super',to_timestamp('17/09/22 10:12:58,000000000 AM','DD/MM/RR HH12:MI:SSXFF AM'),to_timestamp('17/09/22 10:12:58,000000000 AM','DD/MM/RR HH12:MI:SSXFF AM'));
Insert into GEN_MENU (MENU_ID,NOMBRE,TIPO,MENU_PADRE,URL,COMMAND,ICON,AJAX,UPDATED,NIVEL,ORDEN,ACTIVO,AUDIT_USUARIO_CREACION,AUDIT_USUARIO_MODIFICA,AUDIT_FECHA_CREACION,AUDIT_FECHA_MODIFICA) values ('70','Plan anual','I','69','/content/gestion/planAnual/planAnualMain.xhtml',null,null,'0',null,'2','1','1','super','super',to_timestamp('17/09/22 10:14:21,000000000 AM','DD/MM/RR HH12:MI:SSXFF AM'),to_timestamp('28/09/22 11:24:32,000000000 PM','DD/MM/RR HH12:MI:SSXFF AM'));
Insert into GEN_MENU (MENU_ID,NOMBRE,TIPO,MENU_PADRE,URL,COMMAND,ICON,AJAX,UPDATED,NIVEL,ORDEN,ACTIVO,AUDIT_USUARIO_CREACION,AUDIT_USUARIO_MODIFICA,AUDIT_FECHA_CREACION,AUDIT_FECHA_MODIFICA) values ('71','Oficina y Accesos','I','50','/content/master/oficina/oficinaAccesoMain.xhtml',null,null,'0',null,'2','2','1','super','super',to_timestamp('17/09/22 10:17:10,000000000 AM','DD/MM/RR HH12:MI:SSXFF AM'),to_timestamp('17/09/22 10:17:10,000000000 AM','DD/MM/RR HH12:MI:SSXFF AM'));
Insert into GEN_MENU (MENU_ID,NOMBRE,TIPO,MENU_PADRE,URL,COMMAND,ICON,AJAX,UPDATED,NIVEL,ORDEN,ACTIVO,AUDIT_USUARIO_CREACION,AUDIT_USUARIO_MODIFICA,AUDIT_FECHA_CREACION,AUDIT_FECHA_MODIFICA) values ('119','Estadsticas','M',null,'/content/estadistica/index.xhtml',null,null,'0',null,'1','1','1','super','super',to_timestamp('11/10/22 05:31:50,000000000 PM','DD/MM/RR HH12:MI:SSXFF AM'),to_timestamp('11/10/22 05:31:50,000000000 PM','DD/MM/RR HH12:MI:SSXFF AM'));
Insert into GEN_MENU (MENU_ID,NOMBRE,TIPO,MENU_PADRE,URL,COMMAND,ICON,AJAX,UPDATED,NIVEL,ORDEN,ACTIVO,AUDIT_USUARIO_CREACION,AUDIT_USUARIO_MODIFICA,AUDIT_FECHA_CREACION,AUDIT_FECHA_MODIFICA) values ('120','Cuadro de Mando','I','119','/content/estadistica/cuadroMandoMain.xhtml',null,null,'0',null,'2','1','1','super','super',to_timestamp('11/10/22 05:32:34,000000000 PM','DD/MM/RR HH12:MI:SSXFF AM'),to_timestamp('11/10/22 05:32:34,000000000 PM','DD/MM/RR HH12:MI:SSXFF AM'));
Insert into GEN_MENU (MENU_ID,NOMBRE,TIPO,MENU_PADRE,URL,COMMAND,ICON,AJAX,UPDATED,NIVEL,ORDEN,ACTIVO,AUDIT_USUARIO_CREACION,AUDIT_USUARIO_MODIFICA,AUDIT_FECHA_CREACION,AUDIT_FECHA_MODIFICA) values ('121','Consulta Dinmica','I','119','/content/estadistica/consultaDinamicaMain.xhtml',null,null,'0',null,'2','2','1','super','super',to_timestamp('11/10/22 05:33:20,000000000 PM','DD/MM/RR HH12:MI:SSXFF AM'),to_timestamp('11/10/22 05:33:20,000000000 PM','DD/MM/RR HH12:MI:SSXFF AM'));
Insert into GEN_MENU (MENU_ID,NOMBRE,TIPO,MENU_PADRE,URL,COMMAND,ICON,AJAX,UPDATED,NIVEL,ORDEN,ACTIVO,AUDIT_USUARIO_CREACION,AUDIT_USUARIO_MODIFICA,AUDIT_FECHA_CREACION,AUDIT_FECHA_MODIFICA) values ('122','Buscar','B','120','actionSearch',null,'ui-button-search','1',null,'3','1','1','super','super',to_timestamp('11/10/22 05:33:46,000000000 PM','DD/MM/RR HH12:MI:SSXFF AM'),to_timestamp('11/10/22 05:33:46,000000000 PM','DD/MM/RR HH12:MI:SSXFF AM'));
Insert into GEN_MENU (MENU_ID,NOMBRE,TIPO,MENU_PADRE,URL,COMMAND,ICON,AJAX,UPDATED,NIVEL,ORDEN,ACTIVO,AUDIT_USUARIO_CREACION,AUDIT_USUARIO_MODIFICA,AUDIT_FECHA_CREACION,AUDIT_FECHA_MODIFICA) values ('123','Exportar','B','120','actionExport',null,'ui-button-export','1',null,'3','1','1','super','super',to_timestamp('11/10/22 05:33:46,000000000 PM','DD/MM/RR HH12:MI:SSXFF AM'),to_timestamp('11/10/22 05:33:46,000000000 PM','DD/MM/RR HH12:MI:SSXFF AM'));
Insert into GEN_MENU (MENU_ID,NOMBRE,TIPO,MENU_PADRE,URL,COMMAND,ICON,AJAX,UPDATED,NIVEL,ORDEN,ACTIVO,AUDIT_USUARIO_CREACION,AUDIT_USUARIO_MODIFICA,AUDIT_FECHA_CREACION,AUDIT_FECHA_MODIFICA) values ('124','Ver','B','120','actionView',null,'ui-button-view','1',null,'3','1','1','super','super',to_timestamp('11/10/22 05:33:46,000000000 PM','DD/MM/RR HH12:MI:SSXFF AM'),to_timestamp('11/10/22 05:33:46,000000000 PM','DD/MM/RR HH12:MI:SSXFF AM'));
Insert into GEN_MENU (MENU_ID,NOMBRE,TIPO,MENU_PADRE,URL,COMMAND,ICON,AJAX,UPDATED,NIVEL,ORDEN,ACTIVO,AUDIT_USUARIO_CREACION,AUDIT_USUARIO_MODIFICA,AUDIT_FECHA_CREACION,AUDIT_FECHA_MODIFICA) values ('125','Buscar','B','121','actionSearch',null,'ui-button-search','1',null,'3','1','1','super','super',to_timestamp('11/10/22 05:34:00,000000000 PM','DD/MM/RR HH12:MI:SSXFF AM'),to_timestamp('11/10/22 05:34:00,000000000 PM','DD/MM/RR HH12:MI:SSXFF AM'));
Insert into GEN_MENU (MENU_ID,NOMBRE,TIPO,MENU_PADRE,URL,COMMAND,ICON,AJAX,UPDATED,NIVEL,ORDEN,ACTIVO,AUDIT_USUARIO_CREACION,AUDIT_USUARIO_MODIFICA,AUDIT_FECHA_CREACION,AUDIT_FECHA_MODIFICA) values ('126','Exportar','B','121','actionExport',null,'ui-button-export','1',null,'3','1','1','super','super',to_timestamp('11/10/22 05:34:00,000000000 PM','DD/MM/RR HH12:MI:SSXFF AM'),to_timestamp('11/10/22 05:34:00,000000000 PM','DD/MM/RR HH12:MI:SSXFF AM'));
Insert into GEN_MENU (MENU_ID,NOMBRE,TIPO,MENU_PADRE,URL,COMMAND,ICON,AJAX,UPDATED,NIVEL,ORDEN,ACTIVO,AUDIT_USUARIO_CREACION,AUDIT_USUARIO_MODIFICA,AUDIT_FECHA_CREACION,AUDIT_FECHA_MODIFICA) values ('127','Ver','B','121','actionView',null,'ui-button-view','1',null,'3','1','1','super','super',to_timestamp('11/10/22 05:34:00,000000000 PM','DD/MM/RR HH12:MI:SSXFF AM'),to_timestamp('11/10/22 05:34:00,000000000 PM','DD/MM/RR HH12:MI:SSXFF AM'));


Insert into GEN_PERFIL (PERFIL_ID,NOMBRE,ACTIVO,PERFIL_PADRE,FLAG_ONLY_NODE,ORDEN,AUDIT_USUARIO_CREACION,AUDIT_USUARIO_MODIFICA,AUDIT_FECHA_CREACION,AUDIT_FECHA_MODIFICA) values ('1','Super Administrador','1',null,'0','1','admin','dyurivilca',to_timestamp('26/07/22 01:10:46,000000000 PM','DD/MM/RR HH12:MI:SSXFF AM'),to_timestamp('26/07/22 01:10:46,000000000 PM','DD/MM/RR HH12:MI:SSXFF AM'));
Insert into GEN_PERFIL (PERFIL_ID,NOMBRE,ACTIVO,PERFIL_PADRE,FLAG_ONLY_NODE,ORDEN,AUDIT_USUARIO_CREACION,AUDIT_USUARIO_MODIFICA,AUDIT_FECHA_CREACION,AUDIT_FECHA_MODIFICA) values ('2','Administrador','1','1','1','1','admin','super',to_timestamp('26/07/22 01:11:18,000000000 PM','DD/MM/RR HH12:MI:SSXFF AM'),to_timestamp('28/07/22 09:54:39,000000000 PM','DD/MM/RR HH12:MI:SSXFF AM'));
Insert into GEN_PERFIL (PERFIL_ID,NOMBRE,ACTIVO,PERFIL_PADRE,FLAG_ONLY_NODE,ORDEN,AUDIT_USUARIO_CREACION,AUDIT_USUARIO_MODIFICA,AUDIT_FECHA_CREACION,AUDIT_FECHA_MODIFICA) values ('3','Operador','1','2','0','1','admin','admin',to_timestamp('26/07/22 01:11:18,000000000 PM','DD/MM/RR HH12:MI:SSXFF AM'),to_timestamp('26/07/22 01:11:18,000000000 PM','DD/MM/RR HH12:MI:SSXFF AM'));
Insert into GEN_PERFIL (PERFIL_ID,NOMBRE,ACTIVO,PERFIL_PADRE,FLAG_ONLY_NODE,ORDEN,AUDIT_USUARIO_CREACION,AUDIT_USUARIO_MODIFICA,AUDIT_FECHA_CREACION,AUDIT_FECHA_MODIFICA) values ('4','Consultor','1','2','1','1','admin','admin',to_timestamp('26/07/22 01:11:18,000000000 PM','DD/MM/RR HH12:MI:SSXFF AM'),to_timestamp('26/07/22 01:11:18,000000000 PM','DD/MM/RR HH12:MI:SSXFF AM'));
Insert into GEN_PERFIL (PERFIL_ID,NOMBRE,ACTIVO,PERFIL_PADRE,FLAG_ONLY_NODE,ORDEN,AUDIT_USUARIO_CREACION,AUDIT_USUARIO_MODIFICA,AUDIT_FECHA_CREACION,AUDIT_FECHA_MODIFICA) values ('5','Auditor','1','1','0','1','admin','dyurivilca',to_timestamp('26/07/22 01:11:18,000000000 PM','DD/MM/RR HH12:MI:SSXFF AM'),to_timestamp('08/08/22 02:30:37,000000000 PM','DD/MM/RR HH12:MI:SSXFF AM'));

Insert into GEN_PERFIL_MENU (PERFIL_ID,MENU_ID,AUDIT_USUARIO_CREACION,AUDIT_USUARIO_MODIFICA,AUDIT_FECHA_CREACION,AUDIT_FECHA_MODIFICA) values ('4','27','super','super',to_timestamp('28/07/22 09:56:42,000000000 PM','DD/MM/RR HH12:MI:SSXFF AM'),to_timestamp('28/07/22 09:56:42,000000000 PM','DD/MM/RR HH12:MI:SSXFF AM'));
Insert into GEN_PERFIL_MENU (PERFIL_ID,MENU_ID,AUDIT_USUARIO_CREACION,AUDIT_USUARIO_MODIFICA,AUDIT_FECHA_CREACION,AUDIT_FECHA_MODIFICA) values ('4','29','super','super',to_timestamp('28/07/22 09:56:42,000000000 PM','DD/MM/RR HH12:MI:SSXFF AM'),to_timestamp('28/07/22 09:56:42,000000000 PM','DD/MM/RR HH12:MI:SSXFF AM'));
Insert into GEN_PERFIL_MENU (PERFIL_ID,MENU_ID,AUDIT_USUARIO_CREACION,AUDIT_USUARIO_MODIFICA,AUDIT_FECHA_CREACION,AUDIT_FECHA_MODIFICA) values ('4','8','super','super',to_timestamp('28/07/22 09:56:42,000000000 PM','DD/MM/RR HH12:MI:SSXFF AM'),to_timestamp('28/07/22 09:56:42,000000000 PM','DD/MM/RR HH12:MI:SSXFF AM'));
Insert into GEN_PERFIL_MENU (PERFIL_ID,MENU_ID,AUDIT_USUARIO_CREACION,AUDIT_USUARIO_MODIFICA,AUDIT_FECHA_CREACION,AUDIT_FECHA_MODIFICA) values ('4','1','super','super',to_timestamp('28/07/22 09:56:42,000000000 PM','DD/MM/RR HH12:MI:SSXFF AM'),to_timestamp('28/07/22 09:56:42,000000000 PM','DD/MM/RR HH12:MI:SSXFF AM'));
Insert into GEN_PERFIL_MENU (PERFIL_ID,MENU_ID,AUDIT_USUARIO_CREACION,AUDIT_USUARIO_MODIFICA,AUDIT_FECHA_CREACION,AUDIT_FECHA_MODIFICA) values ('2','1','super','super',to_timestamp('24/09/22 09:36:56,000000000 AM','DD/MM/RR HH12:MI:SSXFF AM'),to_timestamp('24/09/22 09:36:56,000000000 AM','DD/MM/RR HH12:MI:SSXFF AM'));
Insert into GEN_PERFIL_MENU (PERFIL_ID,MENU_ID,AUDIT_USUARIO_CREACION,AUDIT_USUARIO_MODIFICA,AUDIT_FECHA_CREACION,AUDIT_FECHA_MODIFICA) values ('2','5','super','super',to_timestamp('24/09/22 09:36:56,000000000 AM','DD/MM/RR HH12:MI:SSXFF AM'),to_timestamp('24/09/22 09:36:56,000000000 AM','DD/MM/RR HH12:MI:SSXFF AM'));
Insert into GEN_PERFIL_MENU (PERFIL_ID,MENU_ID,AUDIT_USUARIO_CREACION,AUDIT_USUARIO_MODIFICA,AUDIT_FECHA_CREACION,AUDIT_FECHA_MODIFICA) values ('2','17','super','super',to_timestamp('24/09/22 09:36:56,000000000 AM','DD/MM/RR HH12:MI:SSXFF AM'),to_timestamp('24/09/22 09:36:56,000000000 AM','DD/MM/RR HH12:MI:SSXFF AM'));
Insert into GEN_PERFIL_MENU (PERFIL_ID,MENU_ID,AUDIT_USUARIO_CREACION,AUDIT_USUARIO_MODIFICA,AUDIT_FECHA_CREACION,AUDIT_FECHA_MODIFICA) values ('2','18','super','super',to_timestamp('24/09/22 09:36:56,000000000 AM','DD/MM/RR HH12:MI:SSXFF AM'),to_timestamp('24/09/22 09:36:56,000000000 AM','DD/MM/RR HH12:MI:SSXFF AM'));
Insert into GEN_PERFIL_MENU (PERFIL_ID,MENU_ID,AUDIT_USUARIO_CREACION,AUDIT_USUARIO_MODIFICA,AUDIT_FECHA_CREACION,AUDIT_FECHA_MODIFICA) values ('2','19','super','super',to_timestamp('24/09/22 09:36:56,000000000 AM','DD/MM/RR HH12:MI:SSXFF AM'),to_timestamp('24/09/22 09:36:56,000000000 AM','DD/MM/RR HH12:MI:SSXFF AM'));
Insert into GEN_PERFIL_MENU (PERFIL_ID,MENU_ID,AUDIT_USUARIO_CREACION,AUDIT_USUARIO_MODIFICA,AUDIT_FECHA_CREACION,AUDIT_FECHA_MODIFICA) values ('2','20','super','super',to_timestamp('24/09/22 09:36:56,000000000 AM','DD/MM/RR HH12:MI:SSXFF AM'),to_timestamp('24/09/22 09:36:56,000000000 AM','DD/MM/RR HH12:MI:SSXFF AM'));
Insert into GEN_PERFIL_MENU (PERFIL_ID,MENU_ID,AUDIT_USUARIO_CREACION,AUDIT_USUARIO_MODIFICA,AUDIT_FECHA_CREACION,AUDIT_FECHA_MODIFICA) values ('2','21','super','super',to_timestamp('24/09/22 09:36:56,000000000 AM','DD/MM/RR HH12:MI:SSXFF AM'),to_timestamp('24/09/22 09:36:56,000000000 AM','DD/MM/RR HH12:MI:SSXFF AM'));
Insert into GEN_PERFIL_MENU (PERFIL_ID,MENU_ID,AUDIT_USUARIO_CREACION,AUDIT_USUARIO_MODIFICA,AUDIT_FECHA_CREACION,AUDIT_FECHA_MODIFICA) values ('2','4','super','super',to_timestamp('24/09/22 09:36:56,000000000 AM','DD/MM/RR HH12:MI:SSXFF AM'),to_timestamp('24/09/22 09:36:56,000000000 AM','DD/MM/RR HH12:MI:SSXFF AM'));
Insert into GEN_PERFIL_MENU (PERFIL_ID,MENU_ID,AUDIT_USUARIO_CREACION,AUDIT_USUARIO_MODIFICA,AUDIT_FECHA_CREACION,AUDIT_FECHA_MODIFICA) values ('2','16','super','super',to_timestamp('24/09/22 09:36:56,000000000 AM','DD/MM/RR HH12:MI:SSXFF AM'),to_timestamp('24/09/22 09:36:56,000000000 AM','DD/MM/RR HH12:MI:SSXFF AM'));
Insert into GEN_PERFIL_MENU (PERFIL_ID,MENU_ID,AUDIT_USUARIO_CREACION,AUDIT_USUARIO_MODIFICA,AUDIT_FECHA_CREACION,AUDIT_FECHA_MODIFICA) values ('2','13','super','super',to_timestamp('24/09/22 09:36:56,000000000 AM','DD/MM/RR HH12:MI:SSXFF AM'),to_timestamp('24/09/22 09:36:56,000000000 AM','DD/MM/RR HH12:MI:SSXFF AM'));
Insert into GEN_PERFIL_MENU (PERFIL_ID,MENU_ID,AUDIT_USUARIO_CREACION,AUDIT_USUARIO_MODIFICA,AUDIT_FECHA_CREACION,AUDIT_FECHA_MODIFICA) values ('2','12','super','super',to_timestamp('24/09/22 09:36:56,000000000 AM','DD/MM/RR HH12:MI:SSXFF AM'),to_timestamp('24/09/22 09:36:56,000000000 AM','DD/MM/RR HH12:MI:SSXFF AM'));
Insert into GEN_PERFIL_MENU (PERFIL_ID,MENU_ID,AUDIT_USUARIO_CREACION,AUDIT_USUARIO_MODIFICA,AUDIT_FECHA_CREACION,AUDIT_FECHA_MODIFICA) values ('2','14','super','super',to_timestamp('24/09/22 09:36:56,000000000 AM','DD/MM/RR HH12:MI:SSXFF AM'),to_timestamp('24/09/22 09:36:56,000000000 AM','DD/MM/RR HH12:MI:SSXFF AM'));
Insert into GEN_PERFIL_MENU (PERFIL_ID,MENU_ID,AUDIT_USUARIO_CREACION,AUDIT_USUARIO_MODIFICA,AUDIT_FECHA_CREACION,AUDIT_FECHA_MODIFICA) values ('2','15','super','super',to_timestamp('24/09/22 09:36:56,000000000 AM','DD/MM/RR HH12:MI:SSXFF AM'),to_timestamp('24/09/22 09:36:56,000000000 AM','DD/MM/RR HH12:MI:SSXFF AM'));
Insert into GEN_PERFIL_MENU (PERFIL_ID,MENU_ID,AUDIT_USUARIO_CREACION,AUDIT_USUARIO_MODIFICA,AUDIT_FECHA_CREACION,AUDIT_FECHA_MODIFICA) values ('2','8','super','super',to_timestamp('24/09/22 09:36:56,000000000 AM','DD/MM/RR HH12:MI:SSXFF AM'),to_timestamp('24/09/22 09:36:56,000000000 AM','DD/MM/RR HH12:MI:SSXFF AM'));
Insert into GEN_PERFIL_MENU (PERFIL_ID,MENU_ID,AUDIT_USUARIO_CREACION,AUDIT_USUARIO_MODIFICA,AUDIT_FECHA_CREACION,AUDIT_FECHA_MODIFICA) values ('2','27','super','super',to_timestamp('24/09/22 09:36:56,000000000 AM','DD/MM/RR HH12:MI:SSXFF AM'),to_timestamp('24/09/22 09:36:56,000000000 AM','DD/MM/RR HH12:MI:SSXFF AM'));
Insert into GEN_PERFIL_MENU (PERFIL_ID,MENU_ID,AUDIT_USUARIO_CREACION,AUDIT_USUARIO_MODIFICA,AUDIT_FECHA_CREACION,AUDIT_FECHA_MODIFICA) values ('2','28','super','super',to_timestamp('24/09/22 09:36:56,000000000 AM','DD/MM/RR HH12:MI:SSXFF AM'),to_timestamp('24/09/22 09:36:56,000000000 AM','DD/MM/RR HH12:MI:SSXFF AM'));
Insert into GEN_PERFIL_MENU (PERFIL_ID,MENU_ID,AUDIT_USUARIO_CREACION,AUDIT_USUARIO_MODIFICA,AUDIT_FECHA_CREACION,AUDIT_FECHA_MODIFICA) values ('2','29','super','super',to_timestamp('24/09/22 09:36:56,000000000 AM','DD/MM/RR HH12:MI:SSXFF AM'),to_timestamp('24/09/22 09:36:56,000000000 AM','DD/MM/RR HH12:MI:SSXFF AM'));
Insert into GEN_PERFIL_MENU (PERFIL_ID,MENU_ID,AUDIT_USUARIO_CREACION,AUDIT_USUARIO_MODIFICA,AUDIT_FECHA_CREACION,AUDIT_FECHA_MODIFICA) values ('2','30','super','super',to_timestamp('24/09/22 09:36:56,000000000 AM','DD/MM/RR HH12:MI:SSXFF AM'),to_timestamp('24/09/22 09:36:56,000000000 AM','DD/MM/RR HH12:MI:SSXFF AM'));
Insert into GEN_PERFIL_MENU (PERFIL_ID,MENU_ID,AUDIT_USUARIO_CREACION,AUDIT_USUARIO_MODIFICA,AUDIT_FECHA_CREACION,AUDIT_FECHA_MODIFICA) values ('2','31','super','super',to_timestamp('24/09/22 09:36:56,000000000 AM','DD/MM/RR HH12:MI:SSXFF AM'),to_timestamp('24/09/22 09:36:56,000000000 AM','DD/MM/RR HH12:MI:SSXFF AM'));
Insert into GEN_PERFIL_MENU (PERFIL_ID,MENU_ID,AUDIT_USUARIO_CREACION,AUDIT_USUARIO_MODIFICA,AUDIT_FECHA_CREACION,AUDIT_FECHA_MODIFICA) values ('2','48','super','super',to_timestamp('24/09/22 09:36:56,000000000 AM','DD/MM/RR HH12:MI:SSXFF AM'),to_timestamp('24/09/22 09:36:56,000000000 AM','DD/MM/RR HH12:MI:SSXFF AM'));
Insert into GEN_PERFIL_MENU (PERFIL_ID,MENU_ID,AUDIT_USUARIO_CREACION,AUDIT_USUARIO_MODIFICA,AUDIT_FECHA_CREACION,AUDIT_FECHA_MODIFICA) values ('2','49','super','super',to_timestamp('24/09/22 09:36:56,000000000 AM','DD/MM/RR HH12:MI:SSXFF AM'),to_timestamp('24/09/22 09:36:56,000000000 AM','DD/MM/RR HH12:MI:SSXFF AM'));
Insert into GEN_PERFIL_MENU (PERFIL_ID,MENU_ID,AUDIT_USUARIO_CREACION,AUDIT_USUARIO_MODIFICA,AUDIT_FECHA_CREACION,AUDIT_FECHA_MODIFICA) values ('2','2','super','super',to_timestamp('24/09/22 09:36:56,000000000 AM','DD/MM/RR HH12:MI:SSXFF AM'),to_timestamp('24/09/22 09:36:56,000000000 AM','DD/MM/RR HH12:MI:SSXFF AM'));
Insert into GEN_PERFIL_MENU (PERFIL_ID,MENU_ID,AUDIT_USUARIO_CREACION,AUDIT_USUARIO_MODIFICA,AUDIT_FECHA_CREACION,AUDIT_FECHA_MODIFICA) values ('2','37','super','super',to_timestamp('24/09/22 09:36:56,000000000 AM','DD/MM/RR HH12:MI:SSXFF AM'),to_timestamp('24/09/22 09:36:56,000000000 AM','DD/MM/RR HH12:MI:SSXFF AM'));
Insert into GEN_PERFIL_MENU (PERFIL_ID,MENU_ID,AUDIT_USUARIO_CREACION,AUDIT_USUARIO_MODIFICA,AUDIT_FECHA_CREACION,AUDIT_FECHA_MODIFICA) values ('2','39','super','super',to_timestamp('24/09/22 09:36:56,000000000 AM','DD/MM/RR HH12:MI:SSXFF AM'),to_timestamp('24/09/22 09:36:56,000000000 AM','DD/MM/RR HH12:MI:SSXFF AM'));
Insert into GEN_PERFIL_MENU (PERFIL_ID,MENU_ID,AUDIT_USUARIO_CREACION,AUDIT_USUARIO_MODIFICA,AUDIT_FECHA_CREACION,AUDIT_FECHA_MODIFICA) values ('2','40','super','super',to_timestamp('24/09/22 09:36:56,000000000 AM','DD/MM/RR HH12:MI:SSXFF AM'),to_timestamp('24/09/22 09:36:56,000000000 AM','DD/MM/RR HH12:MI:SSXFF AM'));
Insert into GEN_PERFIL_MENU (PERFIL_ID,MENU_ID,AUDIT_USUARIO_CREACION,AUDIT_USUARIO_MODIFICA,AUDIT_FECHA_CREACION,AUDIT_FECHA_MODIFICA) values ('2','38','super','super',to_timestamp('24/09/22 09:36:56,000000000 AM','DD/MM/RR HH12:MI:SSXFF AM'),to_timestamp('24/09/22 09:36:56,000000000 AM','DD/MM/RR HH12:MI:SSXFF AM'));
Insert into GEN_PERFIL_MENU (PERFIL_ID,MENU_ID,AUDIT_USUARIO_CREACION,AUDIT_USUARIO_MODIFICA,AUDIT_FECHA_CREACION,AUDIT_FECHA_MODIFICA) values ('2','41','super','super',to_timestamp('24/09/22 09:36:56,000000000 AM','DD/MM/RR HH12:MI:SSXFF AM'),to_timestamp('24/09/22 09:36:56,000000000 AM','DD/MM/RR HH12:MI:SSXFF AM'));
Insert into GEN_PERFIL_MENU (PERFIL_ID,MENU_ID,AUDIT_USUARIO_CREACION,AUDIT_USUARIO_MODIFICA,AUDIT_FECHA_CREACION,AUDIT_FECHA_MODIFICA) values ('2','42','super','super',to_timestamp('24/09/22 09:36:56,000000000 AM','DD/MM/RR HH12:MI:SSXFF AM'),to_timestamp('24/09/22 09:36:56,000000000 AM','DD/MM/RR HH12:MI:SSXFF AM'));
Insert into GEN_PERFIL_MENU (PERFIL_ID,MENU_ID,AUDIT_USUARIO_CREACION,AUDIT_USUARIO_MODIFICA,AUDIT_FECHA_CREACION,AUDIT_FECHA_MODIFICA) values ('2','43','super','super',to_timestamp('24/09/22 09:36:56,000000000 AM','DD/MM/RR HH12:MI:SSXFF AM'),to_timestamp('24/09/22 09:36:56,000000000 AM','DD/MM/RR HH12:MI:SSXFF AM'));
Insert into GEN_PERFIL_MENU (PERFIL_ID,MENU_ID,AUDIT_USUARIO_CREACION,AUDIT_USUARIO_MODIFICA,AUDIT_FECHA_CREACION,AUDIT_FECHA_MODIFICA) values ('2','44','super','super',to_timestamp('24/09/22 09:36:56,000000000 AM','DD/MM/RR HH12:MI:SSXFF AM'),to_timestamp('24/09/22 09:36:56,000000000 AM','DD/MM/RR HH12:MI:SSXFF AM'));
Insert into GEN_PERFIL_MENU (PERFIL_ID,MENU_ID,AUDIT_USUARIO_CREACION,AUDIT_USUARIO_MODIFICA,AUDIT_FECHA_CREACION,AUDIT_FECHA_MODIFICA) values ('2','45','super','super',to_timestamp('24/09/22 09:36:56,000000000 AM','DD/MM/RR HH12:MI:SSXFF AM'),to_timestamp('24/09/22 09:36:56,000000000 AM','DD/MM/RR HH12:MI:SSXFF AM'));
Insert into GEN_PERFIL_MENU (PERFIL_ID,MENU_ID,AUDIT_USUARIO_CREACION,AUDIT_USUARIO_MODIFICA,AUDIT_FECHA_CREACION,AUDIT_FECHA_MODIFICA) values ('2','47','super','super',to_timestamp('24/09/22 09:36:56,000000000 AM','DD/MM/RR HH12:MI:SSXFF AM'),to_timestamp('24/09/22 09:36:56,000000000 AM','DD/MM/RR HH12:MI:SSXFF AM'));
Insert into GEN_PERFIL_MENU (PERFIL_ID,MENU_ID,AUDIT_USUARIO_CREACION,AUDIT_USUARIO_MODIFICA,AUDIT_FECHA_CREACION,AUDIT_FECHA_MODIFICA) values ('2','3','super','super',to_timestamp('24/09/22 09:36:56,000000000 AM','DD/MM/RR HH12:MI:SSXFF AM'),to_timestamp('24/09/22 09:36:56,000000000 AM','DD/MM/RR HH12:MI:SSXFF AM'));
Insert into GEN_PERFIL_MENU (PERFIL_ID,MENU_ID,AUDIT_USUARIO_CREACION,AUDIT_USUARIO_MODIFICA,AUDIT_FECHA_CREACION,AUDIT_FECHA_MODIFICA) values ('2','9','super','super',to_timestamp('24/09/22 09:36:56,000000000 AM','DD/MM/RR HH12:MI:SSXFF AM'),to_timestamp('24/09/22 09:36:56,000000000 AM','DD/MM/RR HH12:MI:SSXFF AM'));
Insert into GEN_PERFIL_MENU (PERFIL_ID,MENU_ID,AUDIT_USUARIO_CREACION,AUDIT_USUARIO_MODIFICA,AUDIT_FECHA_CREACION,AUDIT_FECHA_MODIFICA) values ('2','10','super','super',to_timestamp('24/09/22 09:36:56,000000000 AM','DD/MM/RR HH12:MI:SSXFF AM'),to_timestamp('24/09/22 09:36:56,000000000 AM','DD/MM/RR HH12:MI:SSXFF AM'));
Insert into GEN_PERFIL_MENU (PERFIL_ID,MENU_ID,AUDIT_USUARIO_CREACION,AUDIT_USUARIO_MODIFICA,AUDIT_FECHA_CREACION,AUDIT_FECHA_MODIFICA) values ('2','82','super','super',to_timestamp('24/09/22 09:36:56,000000000 AM','DD/MM/RR HH12:MI:SSXFF AM'),to_timestamp('24/09/22 09:36:56,000000000 AM','DD/MM/RR HH12:MI:SSXFF AM'));
Insert into GEN_PERFIL_MENU (PERFIL_ID,MENU_ID,AUDIT_USUARIO_CREACION,AUDIT_USUARIO_MODIFICA,AUDIT_FECHA_CREACION,AUDIT_FECHA_MODIFICA) values ('2','85','super','super',to_timestamp('24/09/22 09:36:56,000000000 AM','DD/MM/RR HH12:MI:SSXFF AM'),to_timestamp('24/09/22 09:36:56,000000000 AM','DD/MM/RR HH12:MI:SSXFF AM'));
Insert into GEN_PERFIL_MENU (PERFIL_ID,MENU_ID,AUDIT_USUARIO_CREACION,AUDIT_USUARIO_MODIFICA,AUDIT_FECHA_CREACION,AUDIT_FECHA_MODIFICA) values ('2','84','super','super',to_timestamp('24/09/22 09:36:56,000000000 AM','DD/MM/RR HH12:MI:SSXFF AM'),to_timestamp('24/09/22 09:36:56,000000000 AM','DD/MM/RR HH12:MI:SSXFF AM'));
Insert into GEN_PERFIL_MENU (PERFIL_ID,MENU_ID,AUDIT_USUARIO_CREACION,AUDIT_USUARIO_MODIFICA,AUDIT_FECHA_CREACION,AUDIT_FECHA_MODIFICA) values ('2','83','super','super',to_timestamp('24/09/22 09:36:56,000000000 AM','DD/MM/RR HH12:MI:SSXFF AM'),to_timestamp('24/09/22 09:36:56,000000000 AM','DD/MM/RR HH12:MI:SSXFF AM'));
Insert into GEN_PERFIL_MENU (PERFIL_ID,MENU_ID,AUDIT_USUARIO_CREACION,AUDIT_USUARIO_MODIFICA,AUDIT_FECHA_CREACION,AUDIT_FECHA_MODIFICA) values ('2','86','super','super',to_timestamp('24/09/22 09:36:56,000000000 AM','DD/MM/RR HH12:MI:SSXFF AM'),to_timestamp('24/09/22 09:36:56,000000000 AM','DD/MM/RR HH12:MI:SSXFF AM'));
Insert into GEN_PERFIL_MENU (PERFIL_ID,MENU_ID,AUDIT_USUARIO_CREACION,AUDIT_USUARIO_MODIFICA,AUDIT_FECHA_CREACION,AUDIT_FECHA_MODIFICA) values ('2','50','super','super',to_timestamp('24/09/22 09:36:56,000000000 AM','DD/MM/RR HH12:MI:SSXFF AM'),to_timestamp('24/09/22 09:36:56,000000000 AM','DD/MM/RR HH12:MI:SSXFF AM'));
Insert into GEN_PERFIL_MENU (PERFIL_ID,MENU_ID,AUDIT_USUARIO_CREACION,AUDIT_USUARIO_MODIFICA,AUDIT_FECHA_CREACION,AUDIT_FECHA_MODIFICA) values ('1','1','super','super',to_timestamp('11/10/22 05:35:03,000000000 PM','DD/MM/RR HH12:MI:SSXFF AM'),to_timestamp('11/10/22 05:35:03,000000000 PM','DD/MM/RR HH12:MI:SSXFF AM'));
Insert into GEN_PERFIL_MENU (PERFIL_ID,MENU_ID,AUDIT_USUARIO_CREACION,AUDIT_USUARIO_MODIFICA,AUDIT_FECHA_CREACION,AUDIT_FECHA_MODIFICA) values ('1','5','super','super',to_timestamp('11/10/22 05:35:03,000000000 PM','DD/MM/RR HH12:MI:SSXFF AM'),to_timestamp('11/10/22 05:35:03,000000000 PM','DD/MM/RR HH12:MI:SSXFF AM'));
Insert into GEN_PERFIL_MENU (PERFIL_ID,MENU_ID,AUDIT_USUARIO_CREACION,AUDIT_USUARIO_MODIFICA,AUDIT_FECHA_CREACION,AUDIT_FECHA_MODIFICA) values ('1','17','super','super',to_timestamp('11/10/22 05:35:03,000000000 PM','DD/MM/RR HH12:MI:SSXFF AM'),to_timestamp('11/10/22 05:35:03,000000000 PM','DD/MM/RR HH12:MI:SSXFF AM'));
Insert into GEN_PERFIL_MENU (PERFIL_ID,MENU_ID,AUDIT_USUARIO_CREACION,AUDIT_USUARIO_MODIFICA,AUDIT_FECHA_CREACION,AUDIT_FECHA_MODIFICA) values ('1','18','super','super',to_timestamp('11/10/22 05:35:03,000000000 PM','DD/MM/RR HH12:MI:SSXFF AM'),to_timestamp('11/10/22 05:35:03,000000000 PM','DD/MM/RR HH12:MI:SSXFF AM'));
Insert into GEN_PERFIL_MENU (PERFIL_ID,MENU_ID,AUDIT_USUARIO_CREACION,AUDIT_USUARIO_MODIFICA,AUDIT_FECHA_CREACION,AUDIT_FECHA_MODIFICA) values ('1','19','super','super',to_timestamp('11/10/22 05:35:03,000000000 PM','DD/MM/RR HH12:MI:SSXFF AM'),to_timestamp('11/10/22 05:35:03,000000000 PM','DD/MM/RR HH12:MI:SSXFF AM'));
Insert into GEN_PERFIL_MENU (PERFIL_ID,MENU_ID,AUDIT_USUARIO_CREACION,AUDIT_USUARIO_MODIFICA,AUDIT_FECHA_CREACION,AUDIT_FECHA_MODIFICA) values ('1','20','super','super',to_timestamp('11/10/22 05:35:03,000000000 PM','DD/MM/RR HH12:MI:SSXFF AM'),to_timestamp('11/10/22 05:35:03,000000000 PM','DD/MM/RR HH12:MI:SSXFF AM'));
Insert into GEN_PERFIL_MENU (PERFIL_ID,MENU_ID,AUDIT_USUARIO_CREACION,AUDIT_USUARIO_MODIFICA,AUDIT_FECHA_CREACION,AUDIT_FECHA_MODIFICA) values ('1','21','super','super',to_timestamp('11/10/22 05:35:03,000000000 PM','DD/MM/RR HH12:MI:SSXFF AM'),to_timestamp('11/10/22 05:35:03,000000000 PM','DD/MM/RR HH12:MI:SSXFF AM'));
Insert into GEN_PERFIL_MENU (PERFIL_ID,MENU_ID,AUDIT_USUARIO_CREACION,AUDIT_USUARIO_MODIFICA,AUDIT_FECHA_CREACION,AUDIT_FECHA_MODIFICA) values ('1','67','super','super',to_timestamp('11/10/22 05:35:03,000000000 PM','DD/MM/RR HH12:MI:SSXFF AM'),to_timestamp('11/10/22 05:35:03,000000000 PM','DD/MM/RR HH12:MI:SSXFF AM'));
Insert into GEN_PERFIL_MENU (PERFIL_ID,MENU_ID,AUDIT_USUARIO_CREACION,AUDIT_USUARIO_MODIFICA,AUDIT_FECHA_CREACION,AUDIT_FECHA_MODIFICA) values ('1','68','super','super',to_timestamp('11/10/22 05:35:03,000000000 PM','DD/MM/RR HH12:MI:SSXFF AM'),to_timestamp('11/10/22 05:35:03,000000000 PM','DD/MM/RR HH12:MI:SSXFF AM'));
Insert into GEN_PERFIL_MENU (PERFIL_ID,MENU_ID,AUDIT_USUARIO_CREACION,AUDIT_USUARIO_MODIFICA,AUDIT_FECHA_CREACION,AUDIT_FECHA_MODIFICA) values ('1','4','super','super',to_timestamp('11/10/22 05:35:03,000000000 PM','DD/MM/RR HH12:MI:SSXFF AM'),to_timestamp('11/10/22 05:35:03,000000000 PM','DD/MM/RR HH12:MI:SSXFF AM'));
Insert into GEN_PERFIL_MENU (PERFIL_ID,MENU_ID,AUDIT_USUARIO_CREACION,AUDIT_USUARIO_MODIFICA,AUDIT_FECHA_CREACION,AUDIT_FECHA_MODIFICA) values ('1','16','super','super',to_timestamp('11/10/22 05:35:03,000000000 PM','DD/MM/RR HH12:MI:SSXFF AM'),to_timestamp('11/10/22 05:35:03,000000000 PM','DD/MM/RR HH12:MI:SSXFF AM'));
Insert into GEN_PERFIL_MENU (PERFIL_ID,MENU_ID,AUDIT_USUARIO_CREACION,AUDIT_USUARIO_MODIFICA,AUDIT_FECHA_CREACION,AUDIT_FECHA_MODIFICA) values ('1','13','super','super',to_timestamp('11/10/22 05:35:03,000000000 PM','DD/MM/RR HH12:MI:SSXFF AM'),to_timestamp('11/10/22 05:35:03,000000000 PM','DD/MM/RR HH12:MI:SSXFF AM'));
Insert into GEN_PERFIL_MENU (PERFIL_ID,MENU_ID,AUDIT_USUARIO_CREACION,AUDIT_USUARIO_MODIFICA,AUDIT_FECHA_CREACION,AUDIT_FECHA_MODIFICA) values ('1','12','super','super',to_timestamp('11/10/22 05:35:03,000000000 PM','DD/MM/RR HH12:MI:SSXFF AM'),to_timestamp('11/10/22 05:35:03,000000000 PM','DD/MM/RR HH12:MI:SSXFF AM'));
Insert into GEN_PERFIL_MENU (PERFIL_ID,MENU_ID,AUDIT_USUARIO_CREACION,AUDIT_USUARIO_MODIFICA,AUDIT_FECHA_CREACION,AUDIT_FECHA_MODIFICA) values ('1','14','super','super',to_timestamp('11/10/22 05:35:03,000000000 PM','DD/MM/RR HH12:MI:SSXFF AM'),to_timestamp('11/10/22 05:35:03,000000000 PM','DD/MM/RR HH12:MI:SSXFF AM'));
Insert into GEN_PERFIL_MENU (PERFIL_ID,MENU_ID,AUDIT_USUARIO_CREACION,AUDIT_USUARIO_MODIFICA,AUDIT_FECHA_CREACION,AUDIT_FECHA_MODIFICA) values ('1','15','super','super',to_timestamp('11/10/22 05:35:03,000000000 PM','DD/MM/RR HH12:MI:SSXFF AM'),to_timestamp('11/10/22 05:35:03,000000000 PM','DD/MM/RR HH12:MI:SSXFF AM'));
Insert into GEN_PERFIL_MENU (PERFIL_ID,MENU_ID,AUDIT_USUARIO_CREACION,AUDIT_USUARIO_MODIFICA,AUDIT_FECHA_CREACION,AUDIT_FECHA_MODIFICA) values ('1','6','super','super',to_timestamp('11/10/22 05:35:03,000000000 PM','DD/MM/RR HH12:MI:SSXFF AM'),to_timestamp('11/10/22 05:35:03,000000000 PM','DD/MM/RR HH12:MI:SSXFF AM'));
Insert into GEN_PERFIL_MENU (PERFIL_ID,MENU_ID,AUDIT_USUARIO_CREACION,AUDIT_USUARIO_MODIFICA,AUDIT_FECHA_CREACION,AUDIT_FECHA_MODIFICA) values ('1','22','super','super',to_timestamp('11/10/22 05:35:03,000000000 PM','DD/MM/RR HH12:MI:SSXFF AM'),to_timestamp('11/10/22 05:35:03,000000000 PM','DD/MM/RR HH12:MI:SSXFF AM'));
Insert into GEN_PERFIL_MENU (PERFIL_ID,MENU_ID,AUDIT_USUARIO_CREACION,AUDIT_USUARIO_MODIFICA,AUDIT_FECHA_CREACION,AUDIT_FECHA_MODIFICA) values ('1','23','super','super',to_timestamp('11/10/22 05:35:03,000000000 PM','DD/MM/RR HH12:MI:SSXFF AM'),to_timestamp('11/10/22 05:35:03,000000000 PM','DD/MM/RR HH12:MI:SSXFF AM'));
Insert into GEN_PERFIL_MENU (PERFIL_ID,MENU_ID,AUDIT_USUARIO_CREACION,AUDIT_USUARIO_MODIFICA,AUDIT_FECHA_CREACION,AUDIT_FECHA_MODIFICA) values ('1','24','super','super',to_timestamp('11/10/22 05:35:03,000000000 PM','DD/MM/RR HH12:MI:SSXFF AM'),to_timestamp('11/10/22 05:35:03,000000000 PM','DD/MM/RR HH12:MI:SSXFF AM'));
Insert into GEN_PERFIL_MENU (PERFIL_ID,MENU_ID,AUDIT_USUARIO_CREACION,AUDIT_USUARIO_MODIFICA,AUDIT_FECHA_CREACION,AUDIT_FECHA_MODIFICA) values ('1','25','super','super',to_timestamp('11/10/22 05:35:03,000000000 PM','DD/MM/RR HH12:MI:SSXFF AM'),to_timestamp('11/10/22 05:35:03,000000000 PM','DD/MM/RR HH12:MI:SSXFF AM'));
Insert into GEN_PERFIL_MENU (PERFIL_ID,MENU_ID,AUDIT_USUARIO_CREACION,AUDIT_USUARIO_MODIFICA,AUDIT_FECHA_CREACION,AUDIT_FECHA_MODIFICA) values ('1','26','super','super',to_timestamp('11/10/22 05:35:03,000000000 PM','DD/MM/RR HH12:MI:SSXFF AM'),to_timestamp('11/10/22 05:35:03,000000000 PM','DD/MM/RR HH12:MI:SSXFF AM'));
Insert into GEN_PERFIL_MENU (PERFIL_ID,MENU_ID,AUDIT_USUARIO_CREACION,AUDIT_USUARIO_MODIFICA,AUDIT_FECHA_CREACION,AUDIT_FECHA_MODIFICA) values ('1','8','super','super',to_timestamp('11/10/22 05:35:03,000000000 PM','DD/MM/RR HH12:MI:SSXFF AM'),to_timestamp('11/10/22 05:35:03,000000000 PM','DD/MM/RR HH12:MI:SSXFF AM'));
Insert into GEN_PERFIL_MENU (PERFIL_ID,MENU_ID,AUDIT_USUARIO_CREACION,AUDIT_USUARIO_MODIFICA,AUDIT_FECHA_CREACION,AUDIT_FECHA_MODIFICA) values ('1','27','super','super',to_timestamp('11/10/22 05:35:03,000000000 PM','DD/MM/RR HH12:MI:SSXFF AM'),to_timestamp('11/10/22 05:35:03,000000000 PM','DD/MM/RR HH12:MI:SSXFF AM'));
Insert into GEN_PERFIL_MENU (PERFIL_ID,MENU_ID,AUDIT_USUARIO_CREACION,AUDIT_USUARIO_MODIFICA,AUDIT_FECHA_CREACION,AUDIT_FECHA_MODIFICA) values ('1','28','super','super',to_timestamp('11/10/22 05:35:03,000000000 PM','DD/MM/RR HH12:MI:SSXFF AM'),to_timestamp('11/10/22 05:35:03,000000000 PM','DD/MM/RR HH12:MI:SSXFF AM'));
Insert into GEN_PERFIL_MENU (PERFIL_ID,MENU_ID,AUDIT_USUARIO_CREACION,AUDIT_USUARIO_MODIFICA,AUDIT_FECHA_CREACION,AUDIT_FECHA_MODIFICA) values ('1','29','super','super',to_timestamp('11/10/22 05:35:03,000000000 PM','DD/MM/RR HH12:MI:SSXFF AM'),to_timestamp('11/10/22 05:35:03,000000000 PM','DD/MM/RR HH12:MI:SSXFF AM'));
Insert into GEN_PERFIL_MENU (PERFIL_ID,MENU_ID,AUDIT_USUARIO_CREACION,AUDIT_USUARIO_MODIFICA,AUDIT_FECHA_CREACION,AUDIT_FECHA_MODIFICA) values ('1','30','super','super',to_timestamp('11/10/22 05:35:03,000000000 PM','DD/MM/RR HH12:MI:SSXFF AM'),to_timestamp('11/10/22 05:35:03,000000000 PM','DD/MM/RR HH12:MI:SSXFF AM'));
Insert into GEN_PERFIL_MENU (PERFIL_ID,MENU_ID,AUDIT_USUARIO_CREACION,AUDIT_USUARIO_MODIFICA,AUDIT_FECHA_CREACION,AUDIT_FECHA_MODIFICA) values ('1','31','super','super',to_timestamp('11/10/22 05:35:03,000000000 PM','DD/MM/RR HH12:MI:SSXFF AM'),to_timestamp('11/10/22 05:35:03,000000000 PM','DD/MM/RR HH12:MI:SSXFF AM'));
Insert into GEN_PERFIL_MENU (PERFIL_ID,MENU_ID,AUDIT_USUARIO_CREACION,AUDIT_USUARIO_MODIFICA,AUDIT_FECHA_CREACION,AUDIT_FECHA_MODIFICA) values ('1','7','super','super',to_timestamp('11/10/22 05:35:03,000000000 PM','DD/MM/RR HH12:MI:SSXFF AM'),to_timestamp('11/10/22 05:35:03,000000000 PM','DD/MM/RR HH12:MI:SSXFF AM'));
Insert into GEN_PERFIL_MENU (PERFIL_ID,MENU_ID,AUDIT_USUARIO_CREACION,AUDIT_USUARIO_MODIFICA,AUDIT_FECHA_CREACION,AUDIT_FECHA_MODIFICA) values ('1','32','super','super',to_timestamp('11/10/22 05:35:03,000000000 PM','DD/MM/RR HH12:MI:SSXFF AM'),to_timestamp('11/10/22 05:35:03,000000000 PM','DD/MM/RR HH12:MI:SSXFF AM'));
Insert into GEN_PERFIL_MENU (PERFIL_ID,MENU_ID,AUDIT_USUARIO_CREACION,AUDIT_USUARIO_MODIFICA,AUDIT_FECHA_CREACION,AUDIT_FECHA_MODIFICA) values ('1','33','super','super',to_timestamp('11/10/22 05:35:03,000000000 PM','DD/MM/RR HH12:MI:SSXFF AM'),to_timestamp('11/10/22 05:35:03,000000000 PM','DD/MM/RR HH12:MI:SSXFF AM'));
Insert into GEN_PERFIL_MENU (PERFIL_ID,MENU_ID,AUDIT_USUARIO_CREACION,AUDIT_USUARIO_MODIFICA,AUDIT_FECHA_CREACION,AUDIT_FECHA_MODIFICA) values ('1','34','super','super',to_timestamp('11/10/22 05:35:03,000000000 PM','DD/MM/RR HH12:MI:SSXFF AM'),to_timestamp('11/10/22 05:35:03,000000000 PM','DD/MM/RR HH12:MI:SSXFF AM'));
Insert into GEN_PERFIL_MENU (PERFIL_ID,MENU_ID,AUDIT_USUARIO_CREACION,AUDIT_USUARIO_MODIFICA,AUDIT_FECHA_CREACION,AUDIT_FECHA_MODIFICA) values ('1','35','super','super',to_timestamp('11/10/22 05:35:03,000000000 PM','DD/MM/RR HH12:MI:SSXFF AM'),to_timestamp('11/10/22 05:35:03,000000000 PM','DD/MM/RR HH12:MI:SSXFF AM'));
Insert into GEN_PERFIL_MENU (PERFIL_ID,MENU_ID,AUDIT_USUARIO_CREACION,AUDIT_USUARIO_MODIFICA,AUDIT_FECHA_CREACION,AUDIT_FECHA_MODIFICA) values ('1','36','super','super',to_timestamp('11/10/22 05:35:03,000000000 PM','DD/MM/RR HH12:MI:SSXFF AM'),to_timestamp('11/10/22 05:35:03,000000000 PM','DD/MM/RR HH12:MI:SSXFF AM'));
Insert into GEN_PERFIL_MENU (PERFIL_ID,MENU_ID,AUDIT_USUARIO_CREACION,AUDIT_USUARIO_MODIFICA,AUDIT_FECHA_CREACION,AUDIT_FECHA_MODIFICA) values ('1','48','super','super',to_timestamp('11/10/22 05:35:03,000000000 PM','DD/MM/RR HH12:MI:SSXFF AM'),to_timestamp('11/10/22 05:35:03,000000000 PM','DD/MM/RR HH12:MI:SSXFF AM'));
Insert into GEN_PERFIL_MENU (PERFIL_ID,MENU_ID,AUDIT_USUARIO_CREACION,AUDIT_USUARIO_MODIFICA,AUDIT_FECHA_CREACION,AUDIT_FECHA_MODIFICA) values ('1','49','super','super',to_timestamp('11/10/22 05:35:03,000000000 PM','DD/MM/RR HH12:MI:SSXFF AM'),to_timestamp('11/10/22 05:35:03,000000000 PM','DD/MM/RR HH12:MI:SSXFF AM'));
Insert into GEN_PERFIL_MENU (PERFIL_ID,MENU_ID,AUDIT_USUARIO_CREACION,AUDIT_USUARIO_MODIFICA,AUDIT_FECHA_CREACION,AUDIT_FECHA_MODIFICA) values ('1','69','super','super',to_timestamp('11/10/22 05:35:03,000000000 PM','DD/MM/RR HH12:MI:SSXFF AM'),to_timestamp('11/10/22 05:35:03,000000000 PM','DD/MM/RR HH12:MI:SSXFF AM'));
Insert into GEN_PERFIL_MENU (PERFIL_ID,MENU_ID,AUDIT_USUARIO_CREACION,AUDIT_USUARIO_MODIFICA,AUDIT_FECHA_CREACION,AUDIT_FECHA_MODIFICA) values ('1','70','super','super',to_timestamp('11/10/22 05:35:03,000000000 PM','DD/MM/RR HH12:MI:SSXFF AM'),to_timestamp('11/10/22 05:35:03,000000000 PM','DD/MM/RR HH12:MI:SSXFF AM'));
Insert into GEN_PERFIL_MENU (PERFIL_ID,MENU_ID,AUDIT_USUARIO_CREACION,AUDIT_USUARIO_MODIFICA,AUDIT_FECHA_CREACION,AUDIT_FECHA_MODIFICA) values ('1','92','super','super',to_timestamp('11/10/22 05:35:03,000000000 PM','DD/MM/RR HH12:MI:SSXFF AM'),to_timestamp('11/10/22 05:35:03,000000000 PM','DD/MM/RR HH12:MI:SSXFF AM'));
Insert into GEN_PERFIL_MENU (PERFIL_ID,MENU_ID,AUDIT_USUARIO_CREACION,AUDIT_USUARIO_MODIFICA,AUDIT_FECHA_CREACION,AUDIT_FECHA_MODIFICA) values ('1','91','super','super',to_timestamp('11/10/22 05:35:03,000000000 PM','DD/MM/RR HH12:MI:SSXFF AM'),to_timestamp('11/10/22 05:35:03,000000000 PM','DD/MM/RR HH12:MI:SSXFF AM'));
Insert into GEN_PERFIL_MENU (PERFIL_ID,MENU_ID,AUDIT_USUARIO_CREACION,AUDIT_USUARIO_MODIFICA,AUDIT_FECHA_CREACION,AUDIT_FECHA_MODIFICA) values ('1','90','super','super',to_timestamp('11/10/22 05:35:03,000000000 PM','DD/MM/RR HH12:MI:SSXFF AM'),to_timestamp('11/10/22 05:35:03,000000000 PM','DD/MM/RR HH12:MI:SSXFF AM'));
Insert into GEN_PERFIL_MENU (PERFIL_ID,MENU_ID,AUDIT_USUARIO_CREACION,AUDIT_USUARIO_MODIFICA,AUDIT_FECHA_CREACION,AUDIT_FECHA_MODIFICA) values ('1','89','super','super',to_timestamp('11/10/22 05:35:03,000000000 PM','DD/MM/RR HH12:MI:SSXFF AM'),to_timestamp('11/10/22 05:35:03,000000000 PM','DD/MM/RR HH12:MI:SSXFF AM'));
Insert into GEN_PERFIL_MENU (PERFIL_ID,MENU_ID,AUDIT_USUARIO_CREACION,AUDIT_USUARIO_MODIFICA,AUDIT_FECHA_CREACION,AUDIT_FECHA_MODIFICA) values ('1','97','super','super',to_timestamp('11/10/22 05:35:03,000000000 PM','DD/MM/RR HH12:MI:SSXFF AM'),to_timestamp('11/10/22 05:35:03,000000000 PM','DD/MM/RR HH12:MI:SSXFF AM'));
Insert into GEN_PERFIL_MENU (PERFIL_ID,MENU_ID,AUDIT_USUARIO_CREACION,AUDIT_USUARIO_MODIFICA,AUDIT_FECHA_CREACION,AUDIT_FECHA_MODIFICA) values ('1','93','super','super',to_timestamp('11/10/22 05:35:03,000000000 PM','DD/MM/RR HH12:MI:SSXFF AM'),to_timestamp('11/10/22 05:35:03,000000000 PM','DD/MM/RR HH12:MI:SSXFF AM'));
Insert into GEN_PERFIL_MENU (PERFIL_ID,MENU_ID,AUDIT_USUARIO_CREACION,AUDIT_USUARIO_MODIFICA,AUDIT_FECHA_CREACION,AUDIT_FECHA_MODIFICA) values ('1','94','super','super',to_timestamp('11/10/22 05:35:03,000000000 PM','DD/MM/RR HH12:MI:SSXFF AM'),to_timestamp('11/10/22 05:35:03,000000000 PM','DD/MM/RR HH12:MI:SSXFF AM'));
Insert into GEN_PERFIL_MENU (PERFIL_ID,MENU_ID,AUDIT_USUARIO_CREACION,AUDIT_USUARIO_MODIFICA,AUDIT_FECHA_CREACION,AUDIT_FECHA_MODIFICA) values ('1','95','super','super',to_timestamp('11/10/22 05:35:03,000000000 PM','DD/MM/RR HH12:MI:SSXFF AM'),to_timestamp('11/10/22 05:35:03,000000000 PM','DD/MM/RR HH12:MI:SSXFF AM'));
Insert into GEN_PERFIL_MENU (PERFIL_ID,MENU_ID,AUDIT_USUARIO_CREACION,AUDIT_USUARIO_MODIFICA,AUDIT_FECHA_CREACION,AUDIT_FECHA_MODIFICA) values ('1','96','super','super',to_timestamp('11/10/22 05:35:03,000000000 PM','DD/MM/RR HH12:MI:SSXFF AM'),to_timestamp('11/10/22 05:35:03,000000000 PM','DD/MM/RR HH12:MI:SSXFF AM'));
Insert into GEN_PERFIL_MENU (PERFIL_ID,MENU_ID,AUDIT_USUARIO_CREACION,AUDIT_USUARIO_MODIFICA,AUDIT_FECHA_CREACION,AUDIT_FECHA_MODIFICA) values ('1','88','super','super',to_timestamp('11/10/22 05:35:03,000000000 PM','DD/MM/RR HH12:MI:SSXFF AM'),to_timestamp('11/10/22 05:35:03,000000000 PM','DD/MM/RR HH12:MI:SSXFF AM'));
Insert into GEN_PERFIL_MENU (PERFIL_ID,MENU_ID,AUDIT_USUARIO_CREACION,AUDIT_USUARIO_MODIFICA,AUDIT_FECHA_CREACION,AUDIT_FECHA_MODIFICA) values ('1','87','super','super',to_timestamp('11/10/22 05:35:03,000000000 PM','DD/MM/RR HH12:MI:SSXFF AM'),to_timestamp('11/10/22 05:35:03,000000000 PM','DD/MM/RR HH12:MI:SSXFF AM'));
Insert into GEN_PERFIL_MENU (PERFIL_ID,MENU_ID,AUDIT_USUARIO_CREACION,AUDIT_USUARIO_MODIFICA,AUDIT_FECHA_CREACION,AUDIT_FECHA_MODIFICA) values ('1','101','super','super',to_timestamp('11/10/22 05:35:03,000000000 PM','DD/MM/RR HH12:MI:SSXFF AM'),to_timestamp('11/10/22 05:35:03,000000000 PM','DD/MM/RR HH12:MI:SSXFF AM'));
Insert into GEN_PERFIL_MENU (PERFIL_ID,MENU_ID,AUDIT_USUARIO_CREACION,AUDIT_USUARIO_MODIFICA,AUDIT_FECHA_CREACION,AUDIT_FECHA_MODIFICA) values ('1','102','super','super',to_timestamp('11/10/22 05:35:03,000000000 PM','DD/MM/RR HH12:MI:SSXFF AM'),to_timestamp('11/10/22 05:35:03,000000000 PM','DD/MM/RR HH12:MI:SSXFF AM'));
Insert into GEN_PERFIL_MENU (PERFIL_ID,MENU_ID,AUDIT_USUARIO_CREACION,AUDIT_USUARIO_MODIFICA,AUDIT_FECHA_CREACION,AUDIT_FECHA_MODIFICA) values ('1','103','super','super',to_timestamp('11/10/22 05:35:03,000000000 PM','DD/MM/RR HH12:MI:SSXFF AM'),to_timestamp('11/10/22 05:35:03,000000000 PM','DD/MM/RR HH12:MI:SSXFF AM'));
Insert into GEN_PERFIL_MENU (PERFIL_ID,MENU_ID,AUDIT_USUARIO_CREACION,AUDIT_USUARIO_MODIFICA,AUDIT_FECHA_CREACION,AUDIT_FECHA_MODIFICA) values ('1','104','super','super',to_timestamp('11/10/22 05:35:03,000000000 PM','DD/MM/RR HH12:MI:SSXFF AM'),to_timestamp('11/10/22 05:35:03,000000000 PM','DD/MM/RR HH12:MI:SSXFF AM'));
Insert into GEN_PERFIL_MENU (PERFIL_ID,MENU_ID,AUDIT_USUARIO_CREACION,AUDIT_USUARIO_MODIFICA,AUDIT_FECHA_CREACION,AUDIT_FECHA_MODIFICA) values ('1','105','super','super',to_timestamp('11/10/22 05:35:03,000000000 PM','DD/MM/RR HH12:MI:SSXFF AM'),to_timestamp('11/10/22 05:35:03,000000000 PM','DD/MM/RR HH12:MI:SSXFF AM'));
Insert into GEN_PERFIL_MENU (PERFIL_ID,MENU_ID,AUDIT_USUARIO_CREACION,AUDIT_USUARIO_MODIFICA,AUDIT_FECHA_CREACION,AUDIT_FECHA_MODIFICA) values ('1','106','super','super',to_timestamp('11/10/22 05:35:03,000000000 PM','DD/MM/RR HH12:MI:SSXFF AM'),to_timestamp('11/10/22 05:35:03,000000000 PM','DD/MM/RR HH12:MI:SSXFF AM'));
Insert into GEN_PERFIL_MENU (PERFIL_ID,MENU_ID,AUDIT_USUARIO_CREACION,AUDIT_USUARIO_MODIFICA,AUDIT_FECHA_CREACION,AUDIT_FECHA_MODIFICA) values ('1','107','super','super',to_timestamp('11/10/22 05:35:03,000000000 PM','DD/MM/RR HH12:MI:SSXFF AM'),to_timestamp('11/10/22 05:35:03,000000000 PM','DD/MM/RR HH12:MI:SSXFF AM'));
Insert into GEN_PERFIL_MENU (PERFIL_ID,MENU_ID,AUDIT_USUARIO_CREACION,AUDIT_USUARIO_MODIFICA,AUDIT_FECHA_CREACION,AUDIT_FECHA_MODIFICA) values ('1','98','super','super',to_timestamp('11/10/22 05:35:03,000000000 PM','DD/MM/RR HH12:MI:SSXFF AM'),to_timestamp('11/10/22 05:35:03,000000000 PM','DD/MM/RR HH12:MI:SSXFF AM'));
Insert into GEN_PERFIL_MENU (PERFIL_ID,MENU_ID,AUDIT_USUARIO_CREACION,AUDIT_USUARIO_MODIFICA,AUDIT_FECHA_CREACION,AUDIT_FECHA_MODIFICA) values ('1','99','super','super',to_timestamp('11/10/22 05:35:03,000000000 PM','DD/MM/RR HH12:MI:SSXFF AM'),to_timestamp('11/10/22 05:35:03,000000000 PM','DD/MM/RR HH12:MI:SSXFF AM'));
Insert into GEN_PERFIL_MENU (PERFIL_ID,MENU_ID,AUDIT_USUARIO_CREACION,AUDIT_USUARIO_MODIFICA,AUDIT_FECHA_CREACION,AUDIT_FECHA_MODIFICA) values ('1','100','super','super',to_timestamp('11/10/22 05:35:03,000000000 PM','DD/MM/RR HH12:MI:SSXFF AM'),to_timestamp('11/10/22 05:35:03,000000000 PM','DD/MM/RR HH12:MI:SSXFF AM'));
Insert into GEN_PERFIL_MENU (PERFIL_ID,MENU_ID,AUDIT_USUARIO_CREACION,AUDIT_USUARIO_MODIFICA,AUDIT_FECHA_CREACION,AUDIT_FECHA_MODIFICA) values ('1','108','super','super',to_timestamp('11/10/22 05:35:03,000000000 PM','DD/MM/RR HH12:MI:SSXFF AM'),to_timestamp('11/10/22 05:35:03,000000000 PM','DD/MM/RR HH12:MI:SSXFF AM'));
Insert into GEN_PERFIL_MENU (PERFIL_ID,MENU_ID,AUDIT_USUARIO_CREACION,AUDIT_USUARIO_MODIFICA,AUDIT_FECHA_CREACION,AUDIT_FECHA_MODIFICA) values ('1','109','super','super',to_timestamp('11/10/22 05:35:03,000000000 PM','DD/MM/RR HH12:MI:SSXFF AM'),to_timestamp('11/10/22 05:35:03,000000000 PM','DD/MM/RR HH12:MI:SSXFF AM'));
Insert into GEN_PERFIL_MENU (PERFIL_ID,MENU_ID,AUDIT_USUARIO_CREACION,AUDIT_USUARIO_MODIFICA,AUDIT_FECHA_CREACION,AUDIT_FECHA_MODIFICA) values ('1','110','super','super',to_timestamp('11/10/22 05:35:03,000000000 PM','DD/MM/RR HH12:MI:SSXFF AM'),to_timestamp('11/10/22 05:35:03,000000000 PM','DD/MM/RR HH12:MI:SSXFF AM'));
Insert into GEN_PERFIL_MENU (PERFIL_ID,MENU_ID,AUDIT_USUARIO_CREACION,AUDIT_USUARIO_MODIFICA,AUDIT_FECHA_CREACION,AUDIT_FECHA_MODIFICA) values ('1','118','super','super',to_timestamp('11/10/22 05:35:03,000000000 PM','DD/MM/RR HH12:MI:SSXFF AM'),to_timestamp('11/10/22 05:35:03,000000000 PM','DD/MM/RR HH12:MI:SSXFF AM'));
Insert into GEN_PERFIL_MENU (PERFIL_ID,MENU_ID,AUDIT_USUARIO_CREACION,AUDIT_USUARIO_MODIFICA,AUDIT_FECHA_CREACION,AUDIT_FECHA_MODIFICA) values ('1','117','super','super',to_timestamp('11/10/22 05:35:03,000000000 PM','DD/MM/RR HH12:MI:SSXFF AM'),to_timestamp('11/10/22 05:35:03,000000000 PM','DD/MM/RR HH12:MI:SSXFF AM'));
Insert into GEN_PERFIL_MENU (PERFIL_ID,MENU_ID,AUDIT_USUARIO_CREACION,AUDIT_USUARIO_MODIFICA,AUDIT_FECHA_CREACION,AUDIT_FECHA_MODIFICA) values ('1','116','super','super',to_timestamp('11/10/22 05:35:03,000000000 PM','DD/MM/RR HH12:MI:SSXFF AM'),to_timestamp('11/10/22 05:35:03,000000000 PM','DD/MM/RR HH12:MI:SSXFF AM'));
Insert into GEN_PERFIL_MENU (PERFIL_ID,MENU_ID,AUDIT_USUARIO_CREACION,AUDIT_USUARIO_MODIFICA,AUDIT_FECHA_CREACION,AUDIT_FECHA_MODIFICA) values ('1','115','super','super',to_timestamp('11/10/22 05:35:03,000000000 PM','DD/MM/RR HH12:MI:SSXFF AM'),to_timestamp('11/10/22 05:35:03,000000000 PM','DD/MM/RR HH12:MI:SSXFF AM'));
Insert into GEN_PERFIL_MENU (PERFIL_ID,MENU_ID,AUDIT_USUARIO_CREACION,AUDIT_USUARIO_MODIFICA,AUDIT_FECHA_CREACION,AUDIT_FECHA_MODIFICA) values ('1','114','super','super',to_timestamp('11/10/22 05:35:03,000000000 PM','DD/MM/RR HH12:MI:SSXFF AM'),to_timestamp('11/10/22 05:35:03,000000000 PM','DD/MM/RR HH12:MI:SSXFF AM'));
Insert into GEN_PERFIL_MENU (PERFIL_ID,MENU_ID,AUDIT_USUARIO_CREACION,AUDIT_USUARIO_MODIFICA,AUDIT_FECHA_CREACION,AUDIT_FECHA_MODIFICA) values ('1','111','super','super',to_timestamp('11/10/22 05:35:03,000000000 PM','DD/MM/RR HH12:MI:SSXFF AM'),to_timestamp('11/10/22 05:35:03,000000000 PM','DD/MM/RR HH12:MI:SSXFF AM'));
Insert into GEN_PERFIL_MENU (PERFIL_ID,MENU_ID,AUDIT_USUARIO_CREACION,AUDIT_USUARIO_MODIFICA,AUDIT_FECHA_CREACION,AUDIT_FECHA_MODIFICA) values ('1','112','super','super',to_timestamp('11/10/22 05:35:03,000000000 PM','DD/MM/RR HH12:MI:SSXFF AM'),to_timestamp('11/10/22 05:35:03,000000000 PM','DD/MM/RR HH12:MI:SSXFF AM'));
Insert into GEN_PERFIL_MENU (PERFIL_ID,MENU_ID,AUDIT_USUARIO_CREACION,AUDIT_USUARIO_MODIFICA,AUDIT_FECHA_CREACION,AUDIT_FECHA_MODIFICA) values ('1','113','super','super',to_timestamp('11/10/22 05:35:03,000000000 PM','DD/MM/RR HH12:MI:SSXFF AM'),to_timestamp('11/10/22 05:35:03,000000000 PM','DD/MM/RR HH12:MI:SSXFF AM'));
Insert into GEN_PERFIL_MENU (PERFIL_ID,MENU_ID,AUDIT_USUARIO_CREACION,AUDIT_USUARIO_MODIFICA,AUDIT_FECHA_CREACION,AUDIT_FECHA_MODIFICA) values ('1','2','super','super',to_timestamp('11/10/22 05:35:03,000000000 PM','DD/MM/RR HH12:MI:SSXFF AM'),to_timestamp('11/10/22 05:35:03,000000000 PM','DD/MM/RR HH12:MI:SSXFF AM'));
Insert into GEN_PERFIL_MENU (PERFIL_ID,MENU_ID,AUDIT_USUARIO_CREACION,AUDIT_USUARIO_MODIFICA,AUDIT_FECHA_CREACION,AUDIT_FECHA_MODIFICA) values ('1','37','super','super',to_timestamp('11/10/22 05:35:03,000000000 PM','DD/MM/RR HH12:MI:SSXFF AM'),to_timestamp('11/10/22 05:35:03,000000000 PM','DD/MM/RR HH12:MI:SSXFF AM'));
Insert into GEN_PERFIL_MENU (PERFIL_ID,MENU_ID,AUDIT_USUARIO_CREACION,AUDIT_USUARIO_MODIFICA,AUDIT_FECHA_CREACION,AUDIT_FECHA_MODIFICA) values ('1','39','super','super',to_timestamp('11/10/22 05:35:03,000000000 PM','DD/MM/RR HH12:MI:SSXFF AM'),to_timestamp('11/10/22 05:35:03,000000000 PM','DD/MM/RR HH12:MI:SSXFF AM'));
Insert into GEN_PERFIL_MENU (PERFIL_ID,MENU_ID,AUDIT_USUARIO_CREACION,AUDIT_USUARIO_MODIFICA,AUDIT_FECHA_CREACION,AUDIT_FECHA_MODIFICA) values ('1','40','super','super',to_timestamp('11/10/22 05:35:03,000000000 PM','DD/MM/RR HH12:MI:SSXFF AM'),to_timestamp('11/10/22 05:35:03,000000000 PM','DD/MM/RR HH12:MI:SSXFF AM'));
Insert into GEN_PERFIL_MENU (PERFIL_ID,MENU_ID,AUDIT_USUARIO_CREACION,AUDIT_USUARIO_MODIFICA,AUDIT_FECHA_CREACION,AUDIT_FECHA_MODIFICA) values ('1','38','super','super',to_timestamp('11/10/22 05:35:03,000000000 PM','DD/MM/RR HH12:MI:SSXFF AM'),to_timestamp('11/10/22 05:35:03,000000000 PM','DD/MM/RR HH12:MI:SSXFF AM'));
Insert into GEN_PERFIL_MENU (PERFIL_ID,MENU_ID,AUDIT_USUARIO_CREACION,AUDIT_USUARIO_MODIFICA,AUDIT_FECHA_CREACION,AUDIT_FECHA_MODIFICA) values ('1','41','super','super',to_timestamp('11/10/22 05:35:03,000000000 PM','DD/MM/RR HH12:MI:SSXFF AM'),to_timestamp('11/10/22 05:35:03,000000000 PM','DD/MM/RR HH12:MI:SSXFF AM'));
Insert into GEN_PERFIL_MENU (PERFIL_ID,MENU_ID,AUDIT_USUARIO_CREACION,AUDIT_USUARIO_MODIFICA,AUDIT_FECHA_CREACION,AUDIT_FECHA_MODIFICA) values ('1','42','super','super',to_timestamp('11/10/22 05:35:03,000000000 PM','DD/MM/RR HH12:MI:SSXFF AM'),to_timestamp('11/10/22 05:35:03,000000000 PM','DD/MM/RR HH12:MI:SSXFF AM'));
Insert into GEN_PERFIL_MENU (PERFIL_ID,MENU_ID,AUDIT_USUARIO_CREACION,AUDIT_USUARIO_MODIFICA,AUDIT_FECHA_CREACION,AUDIT_FECHA_MODIFICA) values ('1','43','super','super',to_timestamp('11/10/22 05:35:03,000000000 PM','DD/MM/RR HH12:MI:SSXFF AM'),to_timestamp('11/10/22 05:35:03,000000000 PM','DD/MM/RR HH12:MI:SSXFF AM'));
Insert into GEN_PERFIL_MENU (PERFIL_ID,MENU_ID,AUDIT_USUARIO_CREACION,AUDIT_USUARIO_MODIFICA,AUDIT_FECHA_CREACION,AUDIT_FECHA_MODIFICA) values ('1','44','super','super',to_timestamp('11/10/22 05:35:03,000000000 PM','DD/MM/RR HH12:MI:SSXFF AM'),to_timestamp('11/10/22 05:35:03,000000000 PM','DD/MM/RR HH12:MI:SSXFF AM'));
Insert into GEN_PERFIL_MENU (PERFIL_ID,MENU_ID,AUDIT_USUARIO_CREACION,AUDIT_USUARIO_MODIFICA,AUDIT_FECHA_CREACION,AUDIT_FECHA_MODIFICA) values ('1','45','super','super',to_timestamp('11/10/22 05:35:03,000000000 PM','DD/MM/RR HH12:MI:SSXFF AM'),to_timestamp('11/10/22 05:35:03,000000000 PM','DD/MM/RR HH12:MI:SSXFF AM'));
Insert into GEN_PERFIL_MENU (PERFIL_ID,MENU_ID,AUDIT_USUARIO_CREACION,AUDIT_USUARIO_MODIFICA,AUDIT_FECHA_CREACION,AUDIT_FECHA_MODIFICA) values ('1','47','super','super',to_timestamp('11/10/22 05:35:03,000000000 PM','DD/MM/RR HH12:MI:SSXFF AM'),to_timestamp('11/10/22 05:35:03,000000000 PM','DD/MM/RR HH12:MI:SSXFF AM'));
Insert into GEN_PERFIL_MENU (PERFIL_ID,MENU_ID,AUDIT_USUARIO_CREACION,AUDIT_USUARIO_MODIFICA,AUDIT_FECHA_CREACION,AUDIT_FECHA_MODIFICA) values ('1','46','super','super',to_timestamp('11/10/22 05:35:03,000000000 PM','DD/MM/RR HH12:MI:SSXFF AM'),to_timestamp('11/10/22 05:35:03,000000000 PM','DD/MM/RR HH12:MI:SSXFF AM'));
Insert into GEN_PERFIL_MENU (PERFIL_ID,MENU_ID,AUDIT_USUARIO_CREACION,AUDIT_USUARIO_MODIFICA,AUDIT_FECHA_CREACION,AUDIT_FECHA_MODIFICA) values ('1','3','super','super',to_timestamp('11/10/22 05:35:03,000000000 PM','DD/MM/RR HH12:MI:SSXFF AM'),to_timestamp('11/10/22 05:35:03,000000000 PM','DD/MM/RR HH12:MI:SSXFF AM'));
Insert into GEN_PERFIL_MENU (PERFIL_ID,MENU_ID,AUDIT_USUARIO_CREACION,AUDIT_USUARIO_MODIFICA,AUDIT_FECHA_CREACION,AUDIT_FECHA_MODIFICA) values ('1','9','super','super',to_timestamp('11/10/22 05:35:03,000000000 PM','DD/MM/RR HH12:MI:SSXFF AM'),to_timestamp('11/10/22 05:35:03,000000000 PM','DD/MM/RR HH12:MI:SSXFF AM'));
Insert into GEN_PERFIL_MENU (PERFIL_ID,MENU_ID,AUDIT_USUARIO_CREACION,AUDIT_USUARIO_MODIFICA,AUDIT_FECHA_CREACION,AUDIT_FECHA_MODIFICA) values ('1','10','super','super',to_timestamp('11/10/22 05:35:03,000000000 PM','DD/MM/RR HH12:MI:SSXFF AM'),to_timestamp('11/10/22 05:35:03,000000000 PM','DD/MM/RR HH12:MI:SSXFF AM'));
Insert into GEN_PERFIL_MENU (PERFIL_ID,MENU_ID,AUDIT_USUARIO_CREACION,AUDIT_USUARIO_MODIFICA,AUDIT_FECHA_CREACION,AUDIT_FECHA_MODIFICA) values ('1','11','super','super',to_timestamp('11/10/22 05:35:03,000000000 PM','DD/MM/RR HH12:MI:SSXFF AM'),to_timestamp('11/10/22 05:35:03,000000000 PM','DD/MM/RR HH12:MI:SSXFF AM'));
Insert into GEN_PERFIL_MENU (PERFIL_ID,MENU_ID,AUDIT_USUARIO_CREACION,AUDIT_USUARIO_MODIFICA,AUDIT_FECHA_CREACION,AUDIT_FECHA_MODIFICA) values ('1','50','super','super',to_timestamp('11/10/22 05:35:03,000000000 PM','DD/MM/RR HH12:MI:SSXFF AM'),to_timestamp('11/10/22 05:35:03,000000000 PM','DD/MM/RR HH12:MI:SSXFF AM'));
Insert into GEN_PERFIL_MENU (PERFIL_ID,MENU_ID,AUDIT_USUARIO_CREACION,AUDIT_USUARIO_MODIFICA,AUDIT_FECHA_CREACION,AUDIT_FECHA_MODIFICA) values ('1','51','super','super',to_timestamp('11/10/22 05:35:03,000000000 PM','DD/MM/RR HH12:MI:SSXFF AM'),to_timestamp('11/10/22 05:35:03,000000000 PM','DD/MM/RR HH12:MI:SSXFF AM'));
Insert into GEN_PERFIL_MENU (PERFIL_ID,MENU_ID,AUDIT_USUARIO_CREACION,AUDIT_USUARIO_MODIFICA,AUDIT_FECHA_CREACION,AUDIT_FECHA_MODIFICA) values ('1','61','super','super',to_timestamp('11/10/22 05:35:03,000000000 PM','DD/MM/RR HH12:MI:SSXFF AM'),to_timestamp('11/10/22 05:35:03,000000000 PM','DD/MM/RR HH12:MI:SSXFF AM'));
Insert into GEN_PERFIL_MENU (PERFIL_ID,MENU_ID,AUDIT_USUARIO_CREACION,AUDIT_USUARIO_MODIFICA,AUDIT_FECHA_CREACION,AUDIT_FECHA_MODIFICA) values ('1','60','super','super',to_timestamp('11/10/22 05:35:03,000000000 PM','DD/MM/RR HH12:MI:SSXFF AM'),to_timestamp('11/10/22 05:35:03,000000000 PM','DD/MM/RR HH12:MI:SSXFF AM'));
Insert into GEN_PERFIL_MENU (PERFIL_ID,MENU_ID,AUDIT_USUARIO_CREACION,AUDIT_USUARIO_MODIFICA,AUDIT_FECHA_CREACION,AUDIT_FECHA_MODIFICA) values ('1','59','super','super',to_timestamp('11/10/22 05:35:03,000000000 PM','DD/MM/RR HH12:MI:SSXFF AM'),to_timestamp('11/10/22 05:35:03,000000000 PM','DD/MM/RR HH12:MI:SSXFF AM'));
Insert into GEN_PERFIL_MENU (PERFIL_ID,MENU_ID,AUDIT_USUARIO_CREACION,AUDIT_USUARIO_MODIFICA,AUDIT_FECHA_CREACION,AUDIT_FECHA_MODIFICA) values ('1','58','super','super',to_timestamp('11/10/22 05:35:03,000000000 PM','DD/MM/RR HH12:MI:SSXFF AM'),to_timestamp('11/10/22 05:35:03,000000000 PM','DD/MM/RR HH12:MI:SSXFF AM'));
Insert into GEN_PERFIL_MENU (PERFIL_ID,MENU_ID,AUDIT_USUARIO_CREACION,AUDIT_USUARIO_MODIFICA,AUDIT_FECHA_CREACION,AUDIT_FECHA_MODIFICA) values ('1','57','super','super',to_timestamp('11/10/22 05:35:03,000000000 PM','DD/MM/RR HH12:MI:SSXFF AM'),to_timestamp('11/10/22 05:35:03,000000000 PM','DD/MM/RR HH12:MI:SSXFF AM'));
Insert into GEN_PERFIL_MENU (PERFIL_ID,MENU_ID,AUDIT_USUARIO_CREACION,AUDIT_USUARIO_MODIFICA,AUDIT_FECHA_CREACION,AUDIT_FECHA_MODIFICA) values ('1','56','super','super',to_timestamp('11/10/22 05:35:03,000000000 PM','DD/MM/RR HH12:MI:SSXFF AM'),to_timestamp('11/10/22 05:35:03,000000000 PM','DD/MM/RR HH12:MI:SSXFF AM'));
Insert into GEN_PERFIL_MENU (PERFIL_ID,MENU_ID,AUDIT_USUARIO_CREACION,AUDIT_USUARIO_MODIFICA,AUDIT_FECHA_CREACION,AUDIT_FECHA_MODIFICA) values ('1','55','super','super',to_timestamp('11/10/22 05:35:03,000000000 PM','DD/MM/RR HH12:MI:SSXFF AM'),to_timestamp('11/10/22 05:35:03,000000000 PM','DD/MM/RR HH12:MI:SSXFF AM'));
Insert into GEN_PERFIL_MENU (PERFIL_ID,MENU_ID,AUDIT_USUARIO_CREACION,AUDIT_USUARIO_MODIFICA,AUDIT_FECHA_CREACION,AUDIT_FECHA_MODIFICA) values ('1','54','super','super',to_timestamp('11/10/22 05:35:03,000000000 PM','DD/MM/RR HH12:MI:SSXFF AM'),to_timestamp('11/10/22 05:35:03,000000000 PM','DD/MM/RR HH12:MI:SSXFF AM'));
Insert into GEN_PERFIL_MENU (PERFIL_ID,MENU_ID,AUDIT_USUARIO_CREACION,AUDIT_USUARIO_MODIFICA,AUDIT_FECHA_CREACION,AUDIT_FECHA_MODIFICA) values ('1','52','super','super',to_timestamp('11/10/22 05:35:03,000000000 PM','DD/MM/RR HH12:MI:SSXFF AM'),to_timestamp('11/10/22 05:35:03,000000000 PM','DD/MM/RR HH12:MI:SSXFF AM'));
Insert into GEN_PERFIL_MENU (PERFIL_ID,MENU_ID,AUDIT_USUARIO_CREACION,AUDIT_USUARIO_MODIFICA,AUDIT_FECHA_CREACION,AUDIT_FECHA_MODIFICA) values ('1','53','super','super',to_timestamp('11/10/22 05:35:03,000000000 PM','DD/MM/RR HH12:MI:SSXFF AM'),to_timestamp('11/10/22 05:35:03,000000000 PM','DD/MM/RR HH12:MI:SSXFF AM'));
Insert into GEN_PERFIL_MENU (PERFIL_ID,MENU_ID,AUDIT_USUARIO_CREACION,AUDIT_USUARIO_MODIFICA,AUDIT_FECHA_CREACION,AUDIT_FECHA_MODIFICA) values ('1','71','super','super',to_timestamp('11/10/22 05:35:03,000000000 PM','DD/MM/RR HH12:MI:SSXFF AM'),to_timestamp('11/10/22 05:35:03,000000000 PM','DD/MM/RR HH12:MI:SSXFF AM'));
Insert into GEN_PERFIL_MENU (PERFIL_ID,MENU_ID,AUDIT_USUARIO_CREACION,AUDIT_USUARIO_MODIFICA,AUDIT_FECHA_CREACION,AUDIT_FECHA_MODIFICA) values ('1','81','super','super',to_timestamp('11/10/22 05:35:03,000000000 PM','DD/MM/RR HH12:MI:SSXFF AM'),to_timestamp('11/10/22 05:35:03,000000000 PM','DD/MM/RR HH12:MI:SSXFF AM'));
Insert into GEN_PERFIL_MENU (PERFIL_ID,MENU_ID,AUDIT_USUARIO_CREACION,AUDIT_USUARIO_MODIFICA,AUDIT_FECHA_CREACION,AUDIT_FECHA_MODIFICA) values ('1','80','super','super',to_timestamp('11/10/22 05:35:03,000000000 PM','DD/MM/RR HH12:MI:SSXFF AM'),to_timestamp('11/10/22 05:35:03,000000000 PM','DD/MM/RR HH12:MI:SSXFF AM'));
Insert into GEN_PERFIL_MENU (PERFIL_ID,MENU_ID,AUDIT_USUARIO_CREACION,AUDIT_USUARIO_MODIFICA,AUDIT_FECHA_CREACION,AUDIT_FECHA_MODIFICA) values ('1','79','super','super',to_timestamp('11/10/22 05:35:03,000000000 PM','DD/MM/RR HH12:MI:SSXFF AM'),to_timestamp('11/10/22 05:35:03,000000000 PM','DD/MM/RR HH12:MI:SSXFF AM'));
Insert into GEN_PERFIL_MENU (PERFIL_ID,MENU_ID,AUDIT_USUARIO_CREACION,AUDIT_USUARIO_MODIFICA,AUDIT_FECHA_CREACION,AUDIT_FECHA_MODIFICA) values ('1','78','super','super',to_timestamp('11/10/22 05:35:03,000000000 PM','DD/MM/RR HH12:MI:SSXFF AM'),to_timestamp('11/10/22 05:35:03,000000000 PM','DD/MM/RR HH12:MI:SSXFF AM'));
Insert into GEN_PERFIL_MENU (PERFIL_ID,MENU_ID,AUDIT_USUARIO_CREACION,AUDIT_USUARIO_MODIFICA,AUDIT_FECHA_CREACION,AUDIT_FECHA_MODIFICA) values ('1','77','super','super',to_timestamp('11/10/22 05:35:03,000000000 PM','DD/MM/RR HH12:MI:SSXFF AM'),to_timestamp('11/10/22 05:35:03,000000000 PM','DD/MM/RR HH12:MI:SSXFF AM'));
Insert into GEN_PERFIL_MENU (PERFIL_ID,MENU_ID,AUDIT_USUARIO_CREACION,AUDIT_USUARIO_MODIFICA,AUDIT_FECHA_CREACION,AUDIT_FECHA_MODIFICA) values ('1','76','super','super',to_timestamp('11/10/22 05:35:03,000000000 PM','DD/MM/RR HH12:MI:SSXFF AM'),to_timestamp('11/10/22 05:35:03,000000000 PM','DD/MM/RR HH12:MI:SSXFF AM'));
Insert into GEN_PERFIL_MENU (PERFIL_ID,MENU_ID,AUDIT_USUARIO_CREACION,AUDIT_USUARIO_MODIFICA,AUDIT_FECHA_CREACION,AUDIT_FECHA_MODIFICA) values ('1','75','super','super',to_timestamp('11/10/22 05:35:03,000000000 PM','DD/MM/RR HH12:MI:SSXFF AM'),to_timestamp('11/10/22 05:35:03,000000000 PM','DD/MM/RR HH12:MI:SSXFF AM'));
Insert into GEN_PERFIL_MENU (PERFIL_ID,MENU_ID,AUDIT_USUARIO_CREACION,AUDIT_USUARIO_MODIFICA,AUDIT_FECHA_CREACION,AUDIT_FECHA_MODIFICA) values ('1','74','super','super',to_timestamp('11/10/22 05:35:03,000000000 PM','DD/MM/RR HH12:MI:SSXFF AM'),to_timestamp('11/10/22 05:35:03,000000000 PM','DD/MM/RR HH12:MI:SSXFF AM'));
Insert into GEN_PERFIL_MENU (PERFIL_ID,MENU_ID,AUDIT_USUARIO_CREACION,AUDIT_USUARIO_MODIFICA,AUDIT_FECHA_CREACION,AUDIT_FECHA_MODIFICA) values ('1','72','super','super',to_timestamp('11/10/22 05:35:03,000000000 PM','DD/MM/RR HH12:MI:SSXFF AM'),to_timestamp('11/10/22 05:35:03,000000000 PM','DD/MM/RR HH12:MI:SSXFF AM'));
Insert into GEN_PERFIL_MENU (PERFIL_ID,MENU_ID,AUDIT_USUARIO_CREACION,AUDIT_USUARIO_MODIFICA,AUDIT_FECHA_CREACION,AUDIT_FECHA_MODIFICA) values ('1','73','super','super',to_timestamp('11/10/22 05:35:03,000000000 PM','DD/MM/RR HH12:MI:SSXFF AM'),to_timestamp('11/10/22 05:35:03,000000000 PM','DD/MM/RR HH12:MI:SSXFF AM'));
Insert into GEN_PERFIL_MENU (PERFIL_ID,MENU_ID,AUDIT_USUARIO_CREACION,AUDIT_USUARIO_MODIFICA,AUDIT_FECHA_CREACION,AUDIT_FECHA_MODIFICA) values ('1','82','super','super',to_timestamp('11/10/22 05:35:03,000000000 PM','DD/MM/RR HH12:MI:SSXFF AM'),to_timestamp('11/10/22 05:35:03,000000000 PM','DD/MM/RR HH12:MI:SSXFF AM'));
Insert into GEN_PERFIL_MENU (PERFIL_ID,MENU_ID,AUDIT_USUARIO_CREACION,AUDIT_USUARIO_MODIFICA,AUDIT_FECHA_CREACION,AUDIT_FECHA_MODIFICA) values ('1','85','super','super',to_timestamp('11/10/22 05:35:03,000000000 PM','DD/MM/RR HH12:MI:SSXFF AM'),to_timestamp('11/10/22 05:35:03,000000000 PM','DD/MM/RR HH12:MI:SSXFF AM'));
Insert into GEN_PERFIL_MENU (PERFIL_ID,MENU_ID,AUDIT_USUARIO_CREACION,AUDIT_USUARIO_MODIFICA,AUDIT_FECHA_CREACION,AUDIT_FECHA_MODIFICA) values ('1','84','super','super',to_timestamp('11/10/22 05:35:03,000000000 PM','DD/MM/RR HH12:MI:SSXFF AM'),to_timestamp('11/10/22 05:35:03,000000000 PM','DD/MM/RR HH12:MI:SSXFF AM'));
Insert into GEN_PERFIL_MENU (PERFIL_ID,MENU_ID,AUDIT_USUARIO_CREACION,AUDIT_USUARIO_MODIFICA,AUDIT_FECHA_CREACION,AUDIT_FECHA_MODIFICA) values ('1','83','super','super',to_timestamp('11/10/22 05:35:03,000000000 PM','DD/MM/RR HH12:MI:SSXFF AM'),to_timestamp('11/10/22 05:35:03,000000000 PM','DD/MM/RR HH12:MI:SSXFF AM'));
Insert into GEN_PERFIL_MENU (PERFIL_ID,MENU_ID,AUDIT_USUARIO_CREACION,AUDIT_USUARIO_MODIFICA,AUDIT_FECHA_CREACION,AUDIT_FECHA_MODIFICA) values ('1','86','super','super',to_timestamp('11/10/22 05:35:03,000000000 PM','DD/MM/RR HH12:MI:SSXFF AM'),to_timestamp('11/10/22 05:35:03,000000000 PM','DD/MM/RR HH12:MI:SSXFF AM'));
Insert into GEN_PERFIL_MENU (PERFIL_ID,MENU_ID,AUDIT_USUARIO_CREACION,AUDIT_USUARIO_MODIFICA,AUDIT_FECHA_CREACION,AUDIT_FECHA_MODIFICA) values ('1','119','super','super',to_timestamp('11/10/22 05:35:03,000000000 PM','DD/MM/RR HH12:MI:SSXFF AM'),to_timestamp('11/10/22 05:35:03,000000000 PM','DD/MM/RR HH12:MI:SSXFF AM'));
Insert into GEN_PERFIL_MENU (PERFIL_ID,MENU_ID,AUDIT_USUARIO_CREACION,AUDIT_USUARIO_MODIFICA,AUDIT_FECHA_CREACION,AUDIT_FECHA_MODIFICA) values ('1','120','super','super',to_timestamp('11/10/22 05:35:03,000000000 PM','DD/MM/RR HH12:MI:SSXFF AM'),to_timestamp('11/10/22 05:35:03,000000000 PM','DD/MM/RR HH12:MI:SSXFF AM'));
Insert into GEN_PERFIL_MENU (PERFIL_ID,MENU_ID,AUDIT_USUARIO_CREACION,AUDIT_USUARIO_MODIFICA,AUDIT_FECHA_CREACION,AUDIT_FECHA_MODIFICA) values ('1','123','super','super',to_timestamp('11/10/22 05:35:03,000000000 PM','DD/MM/RR HH12:MI:SSXFF AM'),to_timestamp('11/10/22 05:35:03,000000000 PM','DD/MM/RR HH12:MI:SSXFF AM'));
Insert into GEN_PERFIL_MENU (PERFIL_ID,MENU_ID,AUDIT_USUARIO_CREACION,AUDIT_USUARIO_MODIFICA,AUDIT_FECHA_CREACION,AUDIT_FECHA_MODIFICA) values ('1','122','super','super',to_timestamp('11/10/22 05:35:03,000000000 PM','DD/MM/RR HH12:MI:SSXFF AM'),to_timestamp('11/10/22 05:35:03,000000000 PM','DD/MM/RR HH12:MI:SSXFF AM'));
Insert into GEN_PERFIL_MENU (PERFIL_ID,MENU_ID,AUDIT_USUARIO_CREACION,AUDIT_USUARIO_MODIFICA,AUDIT_FECHA_CREACION,AUDIT_FECHA_MODIFICA) values ('1','124','super','super',to_timestamp('11/10/22 05:35:03,000000000 PM','DD/MM/RR HH12:MI:SSXFF AM'),to_timestamp('11/10/22 05:35:03,000000000 PM','DD/MM/RR HH12:MI:SSXFF AM'));
Insert into GEN_PERFIL_MENU (PERFIL_ID,MENU_ID,AUDIT_USUARIO_CREACION,AUDIT_USUARIO_MODIFICA,AUDIT_FECHA_CREACION,AUDIT_FECHA_MODIFICA) values ('1','121','super','super',to_timestamp('11/10/22 05:35:03,000000000 PM','DD/MM/RR HH12:MI:SSXFF AM'),to_timestamp('11/10/22 05:35:03,000000000 PM','DD/MM/RR HH12:MI:SSXFF AM'));
Insert into GEN_PERFIL_MENU (PERFIL_ID,MENU_ID,AUDIT_USUARIO_CREACION,AUDIT_USUARIO_MODIFICA,AUDIT_FECHA_CREACION,AUDIT_FECHA_MODIFICA) values ('1','126','super','super',to_timestamp('11/10/22 05:35:03,000000000 PM','DD/MM/RR HH12:MI:SSXFF AM'),to_timestamp('11/10/22 05:35:03,000000000 PM','DD/MM/RR HH12:MI:SSXFF AM'));
Insert into GEN_PERFIL_MENU (PERFIL_ID,MENU_ID,AUDIT_USUARIO_CREACION,AUDIT_USUARIO_MODIFICA,AUDIT_FECHA_CREACION,AUDIT_FECHA_MODIFICA) values ('1','125','super','super',to_timestamp('11/10/22 05:35:03,000000000 PM','DD/MM/RR HH12:MI:SSXFF AM'),to_timestamp('11/10/22 05:35:03,000000000 PM','DD/MM/RR HH12:MI:SSXFF AM'));
Insert into GEN_PERFIL_MENU (PERFIL_ID,MENU_ID,AUDIT_USUARIO_CREACION,AUDIT_USUARIO_MODIFICA,AUDIT_FECHA_CREACION,AUDIT_FECHA_MODIFICA) values ('1','127','super','super',to_timestamp('11/10/22 05:35:03,000000000 PM','DD/MM/RR HH12:MI:SSXFF AM'),to_timestamp('11/10/22 05:35:03,000000000 PM','DD/MM/RR HH12:MI:SSXFF AM'));

Insert into GEN_USUARIO (LOGIN,CLAVE,NOMBRE_COMPLETO,EMAIL,DNI,FOTO,PERFIL_ID,ACTIVO,FLAG_LDAP,INTERNO,FECHA_INICIO,FECHA_FIN,AUDIT_USUARIO_CREACION,AUDIT_USUARIO_MODIFICA,AUDIT_FECHA_CREACION,AUDIT_FECHA_MODIFICA) values ('admin','7c4a8d09ca3762af61e59520943dc26494f8941b','Administrador del Sistema',' ',' ',null,'2','1','1','1',null,null,'admin','admin',to_timestamp('29/04/17 12:24:54,000000000 AM','DD/MM/RR HH12:MI:SSXFF AM'),to_timestamp('02/05/17 07:33:23,000000000 PM','DD/MM/RR HH12:MI:SSXFF AM'));
Insert into GEN_USUARIO (LOGIN,CLAVE,NOMBRE_COMPLETO,EMAIL,DNI,FOTO,PERFIL_ID,ACTIVO,FLAG_LDAP,INTERNO,FECHA_INICIO,FECHA_FIN,AUDIT_USUARIO_CREACION,AUDIT_USUARIO_MODIFICA,AUDIT_FECHA_CREACION,AUDIT_FECHA_MODIFICA) values ('auditor','oA0C7iJgu74hx45svHLFIA==','Auditor de Sistemas','dyurivilca@minjus.gob.pe',null,null,'5','1','0','0',null,null,'super','super',to_timestamp('02/05/17 10:56:08,000000000 PM','DD/MM/RR HH12:MI:SSXFF AM'),to_timestamp('16/08/22 11:45:40,000000000 AM','DD/MM/RR HH12:MI:SSXFF AM'));
Insert into GEN_USUARIO (LOGIN,CLAVE,NOMBRE_COMPLETO,EMAIL,DNI,FOTO,PERFIL_ID,ACTIVO,FLAG_LDAP,INTERNO,FECHA_INICIO,FECHA_FIN,AUDIT_USUARIO_CREACION,AUDIT_USUARIO_MODIFICA,AUDIT_FECHA_CREACION,AUDIT_FECHA_MODIFICA) values ('super','7c4a8d09ca3762af61e59520943dc26494f8941b','Super Administrador',' ',null,null,'1','1','0','0',null,null,'dyurivilca','super',to_timestamp('02/05/17 03:39:01,000000000 PM','DD/MM/RR HH12:MI:SSXFF AM'),to_timestamp('15/08/22 04:08:36,000000000 PM','DD/MM/RR HH12:MI:SSXFF AM'));
Insert into GEN_USUARIO (LOGIN,CLAVE,NOMBRE_COMPLETO,EMAIL,DNI,FOTO,PERFIL_ID,ACTIVO,FLAG_LDAP,INTERNO,FECHA_INICIO,FECHA_FIN,AUDIT_USUARIO_CREACION,AUDIT_USUARIO_MODIFICA,AUDIT_FECHA_CREACION,AUDIT_FECHA_MODIFICA) values ('tester','CwSUgBcTWiY=','prueba2','tester@minjus.gob.pe','22223333',null,'4','1','0','0',to_date('10/08/22','DD/MM/RR'),to_date('20/08/22','DD/MM/RR'),'super','super',to_timestamp('16/08/22 11:52:08,000000000 AM','DD/MM/RR HH12:MI:SSXFF AM'),to_timestamp('16/08/22 12:01:25,000000000 PM','DD/MM/RR HH12:MI:SSXFF AM'));
Insert into GEN_USUARIO (LOGIN,CLAVE,NOMBRE_COMPLETO,EMAIL,DNI,FOTO,PERFIL_ID,ACTIVO,FLAG_LDAP,INTERNO,FECHA_INICIO,FECHA_FIN,AUDIT_USUARIO_CREACION,AUDIT_USUARIO_MODIFICA,AUDIT_FECHA_CREACION,AUDIT_FECHA_MODIFICA) values ('proveedor','CwSUgBcTWiY=','super 123456','super@minjus.gob.pe',null,null,'4','0','0','0',null,null,'super','super',to_timestamp('24/09/22 12:24:36,000000000 PM','DD/MM/RR HH12:MI:SSXFF AM'),to_timestamp('24/09/22 12:25:00,000000000 PM','DD/MM/RR HH12:MI:SSXFF AM'));
